,index,CITY,STATE,ZIPCODE,AGE,EJECTION,DRIVER_ACTION,BAC_RESULT,UNIT_TYPE,MAKE,MODEL,VEHICLE_YEAR,VEHICLE_TYPE,TRAVEL_DIRECTION,MANEUVER,FIRST_CONTACT_POINT,POSTED_SPEED_LIMIT,TRAFFIC_CONTROL_DEVICE,DEVICE_CONDITION,WEATHER_CONDITION,LIGHTING_CONDITION,FIRST_CRASH_TYPE,TRAFFICWAY_TYPE,ALIGNMENT,ROADWAY_SURFACE_COND,ROAD_DEFECT,STREET_DIRECTION,NUM_UNITS,CRASH_HOUR,CRASH_DAY_OF_WEEK,CRASH_MONTH,CRASH_YEAR,FATAL_DEGREE,SEX,INTERSECTION_RELATED,HIT_AND_RUN,REPORTYPE,DAMAGE_COST,FATAL_COND
131,6769,CHICAGO,IL,60609,53.0,0.0,0.0,0.0,1,1,116,1998.0,1,3,1,4.0,30,2,1,1,2,1,2,1,1,0,1,2,20,2,4,2020,0.0,1,1,1,1,2,3
132,6776,CHICAGO,IL,60609,36.0,0.0,4.0,0.0,1,2,31,2010.0,4,4,1,1.0,35,1,1,1,2,3,0,1,1,0,1,2,20,2,4,2020,1.0,1,1,1,1,2,4
133,6777,CHICAGO,IL,60609,36.0,0.0,4.0,0.0,1,5,23,2012.0,2,4,1,2.0,35,1,1,1,2,3,0,1,1,0,1,2,20,2,4,2020,1.0,1,1,1,1,2,4
134,6778,NAPERVILLE,IL,60565,30.0,0.0,0.0,0.0,1,2,31,2010.0,4,4,1,1.0,35,1,1,1,2,3,0,1,1,0,1,2,20,2,4,2020,1.0,0,1,1,1,2,4
135,6779,NAPERVILLE,IL,60565,30.0,0.0,0.0,0.0,1,5,23,2012.0,2,4,1,2.0,35,1,1,1,2,3,0,1,1,0,1,2,20,2,4,2020,1.0,0,1,1,1,2,4
136,6930,CHICAGO,IL,60629,25.0,0.0,0.0,0.0,1,3,12,2004.0,1,5,2,4.0,35,1,1,1,1,2,6,1,1,0,1,3,10,4,4,2020,0.0,1,1,1,1,3,4
137,6931,CHICAGO,IL,60629,25.0,0.0,0.0,0.0,3,2,9,2017.0,1,1,5,8.0,35,1,1,1,1,2,6,1,1,0,1,3,10,4,4,2020,0.0,1,1,1,1,3,4
138,7020,CHICAGO,IL,60617,28.0,0.0,0.0,0.0,3,4,29,2010.0,1,4,1,1.0,30,2,1,2,1,3,0,1,2,0,4,2,7,3,4,2020,1.0,1,1,1,1,3,4
139,7021,CHICAGO,IL,60617,28.0,0.0,0.0,0.0,1,3,28,2018.0,1,4,3,2.0,30,2,1,2,1,3,0,1,2,0,4,2,7,3,4,2020,1.0,1,1,1,1,3,4
140,7300,CHICAGO,IL,60608,36.0,0.0,2.0,0.0,1,11,230,1998.0,1,2,2,1.0,30,1,1,2,2,2,1,1,2,0,1,2,21,3,4,2020,1.0,0,1,1,1,3,4
141,7301,CHICAGO,IL,60608,36.0,0.0,2.0,0.0,1,14,159,2001.0,1,4,1,3.0,30,1,1,2,2,2,1,1,2,0,1,2,21,3,4,2020,1.0,0,1,1,1,3,4
142,7302,CHICAGO,IL,60632,20.0,0.0,0.0,0.0,1,11,230,1998.0,1,2,2,1.0,30,1,1,2,2,2,1,1,2,0,1,2,21,3,4,2020,1.0,1,1,1,1,3,4
143,7303,CHICAGO,IL,60632,20.0,0.0,0.0,0.0,1,14,159,2001.0,1,4,1,3.0,30,1,1,2,2,2,1,1,2,0,1,2,21,3,4,2020,1.0,1,1,1,1,3,4
144,7409,CHICAGO,IL,60647,22.0,0.0,2.0,0.0,1,5,7,2001.0,1,1,2,4.0,30,2,1,1,1,2,2,1,1,0,3,2,18,2,4,2020,3.0,0,0,1,0,3,4
145,7410,CHICAGO,IL,60647,22.0,0.0,2.0,0.0,1,5,1,2016.0,1,3,1,3.0,30,2,1,1,1,2,2,1,1,0,3,2,18,2,4,2020,3.0,0,0,1,0,3,4
146,7411,WILLOWBROOK,IL,60527,34.0,0.0,0.0,0.0,1,5,7,2001.0,1,1,2,4.0,30,2,1,1,1,2,2,1,1,0,3,2,18,2,4,2020,3.0,1,0,1,0,3,4
147,7412,WILLOWBROOK,IL,60527,34.0,0.0,0.0,0.0,1,5,1,2016.0,1,3,1,3.0,30,2,1,1,1,2,2,1,1,0,3,2,18,2,4,2020,3.0,1,0,1,0,3,4
150,8667,CHICAGO,IL,60615,41.0,0.0,3.0,2.0,1,8,16,2017.0,1,4,1,1.0,30,1,1,2,2,1,2,1,2,0,3,2,1,1,4,2020,2.0,0,1,0,1,3,4
151,8668,CHICAGO,IL,60615,41.0,0.0,3.0,2.0,1,12,32,2019.0,1,1,1,10.0,30,1,1,2,2,1,2,1,2,0,3,2,1,1,4,2020,2.0,0,1,0,1,3,4
152,8669,BERWYN,IL,60402,26.0,0.0,0.0,0.0,1,8,16,2017.0,1,4,1,1.0,30,1,1,2,2,1,2,1,2,0,3,2,1,1,4,2020,2.0,1,1,0,1,3,4
153,8670,BERWYN,IL,60402,26.0,0.0,0.0,0.0,1,12,32,2019.0,1,1,1,10.0,30,1,1,2,2,1,2,1,2,0,3,2,1,1,4,2020,2.0,1,1,0,1,3,4
154,8975,CHICAGO,IL,60651,36.0,0.0,2.0,0.0,1,3,1,2010.0,1,5,2,11.0,30,1,1,1,1,9,2,1,1,0,3,2,16,6,4,2020,1.0,1,1,1,1,1,4
155,8977,WILMETTE,IL,60091,49.0,0.0,0.0,0.0,1,3,1,2010.0,1,5,2,11.0,30,1,1,1,1,9,2,1,1,0,3,2,16,6,4,2020,1.0,1,1,1,1,1,2
156,9036,CHICAGO,IL,60660,31.0,0.0,0.0,0.0,1,25,1,2006.0,1,2,1,3.0,30,1,1,1,1,1,1,1,1,0,2,2,18,6,4,2020,0.0,1,1,1,1,3,3
157,9173,CHICAGO,IL,60649,29.0,0.0,3.0,1.0,1,6,69,2014.0,1,2,3,3.0,30,1,1,1,2,1,1,1,1,0,2,2,22,6,4,2020,0.0,1,1,1,1,3,4
158,9608,CHICAGO,IL,60643,35.0,0.0,5.0,0.0,1,15,249,2000.0,1,3,2,6.0,30,1,1,1,1,2,2,1,1,0,2,3,16,7,4,2020,1.0,1,1,1,1,3,4
159,9609,CHICAGO,IL,60643,35.0,0.0,5.0,0.0,1,1,6,2014.0,1,1,1,12.0,30,1,1,1,1,2,2,1,1,0,2,3,16,7,4,2020,1.0,1,1,1,1,3,4
160,9610,CHICAGO,IL,60643,35.0,0.0,5.0,0.0,1,28,45,2007.0,5,4,1,6.0,30,1,1,1,1,2,2,1,1,0,2,3,16,7,4,2020,1.0,1,1,1,1,3,4
161,9611,EVERGREEN_PARK,IL,60805,29.0,0.0,0.0,0.0,1,15,249,2000.0,1,3,2,6.0,30,1,1,1,1,2,2,1,1,0,2,3,16,7,4,2020,1.0,1,1,1,1,3,4
162,9612,EVERGREEN_PARK,IL,60805,29.0,0.0,0.0,0.0,1,1,6,2014.0,1,1,1,12.0,30,1,1,1,1,2,2,1,1,0,2,3,16,7,4,2020,1.0,1,1,1,1,3,4
163,9613,EVERGREEN_PARK,IL,60805,29.0,0.0,0.0,0.0,1,28,45,2007.0,5,4,1,6.0,30,1,1,1,1,2,2,1,1,0,2,3,16,7,4,2020,1.0,1,1,1,1,3,4
164,9614,CHICAGO,IL,60644,26.0,0.0,0.0,0.0,1,15,249,2000.0,1,3,2,6.0,30,1,1,1,1,2,2,1,1,0,2,3,16,7,4,2020,1.0,1,1,1,1,3,4
165,9615,CHICAGO,IL,60644,26.0,0.0,0.0,0.0,1,1,6,2014.0,1,1,1,12.0,30,1,1,1,1,2,2,1,1,0,2,3,16,7,4,2020,1.0,1,1,1,1,3,4
166,9616,CHICAGO,IL,60644,26.0,0.0,0.0,0.0,1,28,45,2007.0,5,4,1,6.0,30,1,1,1,1,2,2,1,1,0,2,3,16,7,4,2020,1.0,1,1,1,1,3,4
167,9648,CHICAGO,IL,60625,24.0,0.0,0.0,0.0,1,7,48,2016.0,2,4,3,2.0,30,1,1,2,1,3,2,1,2,0,2,2,17,7,4,2020,0.0,1,1,1,0,2,3
168,9740,CHICAGO,IL,60652,38.0,0.0,3.0,0.0,1,2,19,2017.0,1,4,1,5.0,35,1,1,2,2,1,1,1,2,0,1,2,23,7,4,2020,1.0,1,1,1,1,3,4
169,9741,CHICAGO,IL,60652,38.0,0.0,3.0,0.0,1,8,81,2007.0,1,1,1,1.0,35,1,1,2,2,1,1,1,2,0,1,2,23,7,4,2020,1.0,1,1,1,1,3,4
170,9742,CHICAGO,IL,60652,36.0,0.0,0.0,0.0,1,2,19,2017.0,1,4,1,5.0,35,1,1,2,2,1,1,1,2,0,1,2,23,7,4,2020,1.0,1,1,1,1,3,4
171,9743,CHICAGO,IL,60652,36.0,0.0,0.0,0.0,1,8,81,2007.0,1,1,1,1.0,35,1,1,2,2,1,1,1,2,0,1,2,23,7,4,2020,1.0,1,1,1,1,3,4
172,9883,WEST_CHESTER,IL,60154,36.9,0.0,0.0,0.0,1,2,258,2003.0,4,3,1,5.0,30,1,1,1,1,1,1,1,1,0,3,3,8,1,4,2020,2.0,1,1,1,1,3,4
173,9884,WEST_CHESTER,IL,60154,36.9,0.0,0.0,0.0,1,4,5,2009.0,1,3,1,7.0,30,1,1,1,1,1,1,1,1,0,3,3,8,1,4,2020,2.0,1,1,1,1,3,4
174,9885,WEST_CHESTER,IL,60154,36.9,0.0,0.0,0.0,1,6,46,2003.0,1,4,1,1.0,30,1,1,1,1,1,1,1,1,0,3,3,8,1,4,2020,2.0,1,1,1,1,3,4
175,9886,CHICAGO,IL,60644,37.0,0.0,0.0,0.0,1,2,258,2003.0,4,3,1,5.0,30,1,1,1,1,1,1,1,1,0,3,3,8,1,4,2020,2.0,0,1,1,1,3,4
176,9887,CHICAGO,IL,60644,37.0,0.0,0.0,0.0,1,4,5,2009.0,1,3,1,7.0,30,1,1,1,1,1,1,1,1,0,3,3,8,1,4,2020,2.0,0,1,1,1,3,4
177,9888,CHICAGO,IL,60644,37.0,0.0,0.0,0.0,1,6,46,2003.0,1,4,1,1.0,30,1,1,1,1,1,1,1,1,0,3,3,8,1,4,2020,2.0,0,1,1,1,3,4
178,9889,CHICAGO,IL,60623,20.0,0.0,3.0,0.0,1,2,258,2003.0,4,3,1,5.0,30,1,1,1,1,1,1,1,1,0,3,3,8,1,4,2020,2.0,1,1,1,1,3,4
179,9890,CHICAGO,IL,60623,20.0,0.0,3.0,0.0,1,4,5,2009.0,1,3,1,7.0,30,1,1,1,1,1,1,1,1,0,3,3,8,1,4,2020,2.0,1,1,1,1,3,4
180,9891,CHICAGO,IL,60623,20.0,0.0,3.0,0.0,1,6,46,2003.0,1,4,1,1.0,30,1,1,1,1,1,1,1,1,0,3,3,8,1,4,2020,2.0,1,1,1,1,3,4
181,10036,WEST_CHESTER,IL,60154,36.0,0.0,-1.0,0.0,1,-1,1,2010.0,-1,3,1,-1.0,30,2,0,1,2,2,7,1,1,0,3,2,1,3,4,2020,1.0,0,1,1,1,3,4
182,10037,WEST_CHESTER,IL,60154,36.0,0.0,-1.0,0.0,1,4,18,2016.0,1,2,2,7.0,30,2,0,1,2,2,7,1,1,0,3,2,1,3,4,2020,1.0,0,1,1,1,3,4
183,10038,CHICAGO,IL,60624,29.0,0.0,0.0,0.0,1,-1,1,2010.0,-1,3,1,-1.0,30,2,0,1,2,2,7,1,1,0,3,2,1,3,4,2020,1.0,0,1,1,1,3,4
184,10039,CHICAGO,IL,60624,29.0,0.0,0.0,0.0,1,4,18,2016.0,1,2,2,7.0,30,2,0,1,2,2,7,1,1,0,3,2,1,3,4,2020,1.0,0,1,1,1,3,4
185,10208,CHICAGO,IL,60637,36.9,-1.0,-1.0,0.0,1,-1,2,2011.0,-1,4,-1,-1.0,35,1,1,1,1,5,0,1,1,0,4,2,17,1,4,2020,2.0,0,1,1,1,3,0
186,10210,WEST_CHESTER,IL,60154,36.9,0.0,-1.0,0.0,1,-1,2,2011.0,-1,4,-1,-1.0,35,1,1,1,1,5,0,1,1,0,4,2,17,1,4,2020,2.0,0,1,1,1,3,4
187,10757,CHICAGO,IL,60619,29.0,0.0,0.0,0.0,1,1,20,2014.0,1,3,2,-1.0,30,1,1,1,1,2,1,1,1,0,1,2,14,2,4,2020,0.0,0,1,1,0,1,3
188,10758,CHICAGO,IL,60619,29.0,0.0,0.0,0.0,1,4,11,2014.0,1,3,2,4.0,30,1,1,1,1,2,1,1,1,0,1,2,14,2,4,2020,0.0,0,1,1,0,1,3
189,11101,LA_GRANGE,IL,60526,42.0,0.0,0.0,0.0,1,28,45,2021.0,5,1,4,4.0,30,1,1,2,1,2,3,1,2,0,3,2,7,4,4,2020,0.0,1,1,1,1,3,3
190,11161,CHICAGO,IL,60640,42.0,0.0,12.0,0.0,1,25,140,2020.0,1,3,10,2.0,30,1,1,1,1,5,1,1,1,0,3,2,10,2,4,2020,1.0,1,1,1,0,1,4
191,11162,CHICAGO,IL,60640,42.0,0.0,12.0,0.0,1,25,140,2020.0,1,3,10,2.0,30,1,1,1,1,5,1,1,1,0,3,2,10,2,4,2020,1.0,1,1,1,0,1,4
192,11165,UNKNOWN,XX,0,36.0,0.0,12.0,0.0,1,25,140,2020.0,1,3,10,2.0,30,1,1,1,1,5,1,1,1,0,3,2,10,2,4,2020,1.0,1,1,1,0,1,4
193,11166,UNKNOWN,XX,0,36.0,0.0,12.0,0.0,1,25,140,2020.0,1,3,10,2.0,30,1,1,1,1,5,1,1,1,0,3,2,10,2,4,2020,1.0,1,1,1,0,1,4
194,11169,CHICAGO,IL,60625,41.0,-1.0,-1.0,2.0,1,25,140,2020.0,1,3,10,2.0,30,1,1,1,1,5,1,1,1,0,3,2,10,2,4,2020,1.0,0,1,1,0,1,0
195,11170,CHICAGO,IL,60625,41.0,-1.0,-1.0,2.0,1,25,140,2020.0,1,3,10,2.0,30,1,1,1,1,5,1,1,1,0,3,2,10,2,4,2020,1.0,0,1,1,0,1,0
196,11173,CHICAGO,IL,60625,41.0,-1.0,-1.0,2.0,1,25,140,2020.0,1,3,10,2.0,30,1,1,1,1,5,1,1,1,0,3,2,10,2,4,2020,1.0,0,1,1,0,1,0
197,11174,CHICAGO,IL,60625,41.0,-1.0,-1.0,2.0,1,25,140,2020.0,1,3,10,2.0,30,1,1,1,1,5,1,1,1,0,3,2,10,2,4,2020,1.0,0,1,1,0,1,0
198,11519,CHICAGO,IL,60636,58.0,0.0,0.0,0.0,1,1,4,2015.0,1,3,1,7.0,30,1,1,1,1,1,2,1,1,0,1,2,17,3,4,2020,0.0,1,1,1,1,3,4
199,11681,UNKNOWN,XX,0,36.9,0.0,2.0,0.0,1,3,215,2011.0,1,3,1,1.0,30,2,1,1,1,5,4,1,1,0,2,2,13,5,4,2020,2.0,1,1,1,1,3,4
200,11683,CHICAGO,IL,60623,64.0,-1.0,0.0,0.0,1,3,215,2011.0,1,3,1,1.0,30,2,1,1,1,5,4,1,1,0,2,2,13,5,4,2020,2.0,1,1,1,1,3,0
201,12072,ORLAND_PARK,IL,60462,57.0,0.0,0.0,0.0,1,2,19,2012.0,1,3,3,2.0,35,1,1,1,1,3,2,1,1,0,1,2,15,4,4,2020,0.0,0,1,1,1,2,3
202,12871,CHICAGO,IL,60636,57.0,0.0,3.0,0.0,1,6,41,2017.0,3,3,1,3.0,30,1,1,1,1,1,1,1,1,0,2,2,16,5,4,2020,3.0,1,1,1,1,3,4
203,12872,CHICAGO,IL,60636,57.0,0.0,3.0,0.0,1,24,156,2020.0,2,2,1,5.0,30,1,1,1,1,1,1,1,1,0,2,2,16,5,4,2020,3.0,1,1,1,1,3,4
204,12873,CHICAGO,IL,60608,56.0,-1.0,0.0,0.0,1,6,41,2017.0,3,3,1,3.0,30,1,1,1,1,1,1,1,1,0,2,2,16,5,4,2020,3.0,1,1,1,1,3,4
205,12874,CHICAGO,IL,60608,56.0,-1.0,0.0,0.0,1,24,156,2020.0,2,2,1,5.0,30,1,1,1,1,1,1,1,1,0,2,2,16,5,4,2020,3.0,1,1,1,1,3,4
206,12985,CHICAGO,IL,60632,49.0,0.0,0.0,0.0,1,8,15,2019.0,1,2,1,12.0,30,1,1,1,2,1,1,1,1,0,2,2,22,5,4,2020,0.0,0,1,1,0,3,4
207,13147,NIAGARA,WI,54151,44.0,0.0,0.0,0.0,1,4,5,2005.0,1,-1,1,1.0,30,1,1,1,1,1,8,1,1,0,2,2,15,7,5,2020,0.0,1,1,0,0,3,3
208,13148,NIAGARA,WI,54151,44.0,0.0,0.0,0.0,1,10,67,2013.0,1,4,1,10.0,30,1,1,1,1,1,8,1,1,0,2,2,15,7,5,2020,0.0,1,1,0,0,3,3
209,13220,UNKNOWN,IL,0,38.0,0.0,-1.0,0.0,1,23,61,2008.0,1,1,1,1.0,30,1,1,1,2,10,8,1,1,0,3,1,0,1,5,2020,3.0,0,1,1,1,3,4
210,13261,EAST_CHICAGO,IN,46312,39.0,0.0,0.0,0.0,1,1,14,2005.0,1,3,3,7.0,30,1,1,4,1,4,0,1,2,0,1,2,8,6,4,2020,0.0,0,1,1,1,2,3
211,13452,HARVEY,IL,60426,78.0,0.0,0.0,0.0,1,1,195,2008.0,3,1,1,6.0,35,2,1,4,1,1,2,1,3,0,1,2,11,6,4,2020,0.0,1,1,1,0,3,3
212,13509,CHICAGO,IL,60646,20.0,0.0,0.0,0.0,1,18,1,2005.0,2,1,1,2.0,30,1,1,1,1,3,0,1,1,0,3,2,18,6,4,2020,0.0,0,0,1,1,2,3
213,13612,CHICAGO,IL,60646,12.0,-1.0,-1.0,0.0,1,-1,2,2010.0,1,2,-1,1.0,30,1,1,1,2,5,1,1,1,0,2,3,23,6,4,2020,3.0,1,0,1,1,3,0
214,13615,CHICAGO,IL,60646,37.0,-1.0,0.0,0.0,1,-1,2,2010.0,1,2,-1,1.0,30,1,1,1,2,5,1,1,1,0,2,3,23,6,4,2020,3.0,0,0,1,1,3,0
215,13704,ALSIP,IL,60803,39.0,0.0,3.0,0.0,1,21,1,2015.0,1,1,1,1.0,30,1,1,1,2,1,7,1,1,0,2,2,20,6,4,2020,2.0,1,1,1,0,3,4
216,13705,ALSIP,IL,60803,39.0,0.0,3.0,0.0,1,21,1,2015.0,1,1,1,1.0,30,1,1,1,2,1,7,1,1,0,2,2,20,6,4,2020,2.0,1,1,1,0,3,4
217,13706,ALSIP,IL,60803,39.0,0.0,3.0,0.0,1,1,20,2016.0,1,2,1,6.0,30,1,1,1,2,1,7,1,1,0,2,2,20,6,4,2020,2.0,1,1,1,0,3,4
218,13707,ALSIP,IL,60803,39.0,0.0,3.0,0.0,1,1,20,2016.0,1,2,1,6.0,30,1,1,1,2,1,7,1,1,0,2,2,20,6,4,2020,2.0,1,1,1,0,3,4
219,13708,CHICAGO,IL,60646,36.9,0.0,3.0,0.0,1,21,1,2015.0,1,1,1,1.0,30,1,1,1,2,1,7,1,1,0,2,2,20,6,4,2020,2.0,0,1,1,0,3,4
220,13709,CHICAGO,IL,60646,36.9,0.0,3.0,0.0,1,21,1,2015.0,1,1,1,1.0,30,1,1,1,2,1,7,1,1,0,2,2,20,6,4,2020,2.0,0,1,1,0,3,4
221,13710,CHICAGO,IL,60646,36.9,0.0,3.0,0.0,1,1,20,2016.0,1,2,1,6.0,30,1,1,1,2,1,7,1,1,0,2,2,20,6,4,2020,2.0,0,1,1,0,3,4
222,13711,CHICAGO,IL,60646,36.9,0.0,3.0,0.0,1,1,20,2016.0,1,2,1,6.0,30,1,1,1,2,1,7,1,1,0,2,2,20,6,4,2020,2.0,0,1,1,0,3,4
223,13712,CHICAGO,IL,60653,25.0,0.0,0.0,0.0,1,21,1,2015.0,1,1,1,1.0,30,1,1,1,2,1,7,1,1,0,2,2,20,6,4,2020,2.0,0,1,1,0,3,4
224,13713,CHICAGO,IL,60653,25.0,0.0,0.0,0.0,1,21,1,2015.0,1,1,1,1.0,30,1,1,1,2,1,7,1,1,0,2,2,20,6,4,2020,2.0,0,1,1,0,3,4
225,13714,CHICAGO,IL,60653,25.0,0.0,0.0,0.0,1,1,20,2016.0,1,2,1,6.0,30,1,1,1,2,1,7,1,1,0,2,2,20,6,4,2020,2.0,0,1,1,0,3,4
226,13715,CHICAGO,IL,60653,25.0,0.0,0.0,0.0,1,1,20,2016.0,1,2,1,6.0,30,1,1,1,2,1,7,1,1,0,2,2,20,6,4,2020,2.0,0,1,1,0,3,4
227,13716,CHICAGO,IL,60653,25.0,0.0,0.0,0.0,1,21,1,2015.0,1,1,1,1.0,30,1,1,1,2,1,7,1,1,0,2,2,20,6,4,2020,2.0,0,1,1,0,3,4
228,13717,CHICAGO,IL,60653,25.0,0.0,0.0,0.0,1,21,1,2015.0,1,1,1,1.0,30,1,1,1,2,1,7,1,1,0,2,2,20,6,4,2020,2.0,0,1,1,0,3,4
229,13718,CHICAGO,IL,60653,25.0,0.0,0.0,0.0,1,1,20,2016.0,1,2,1,6.0,30,1,1,1,2,1,7,1,1,0,2,2,20,6,4,2020,2.0,0,1,1,0,3,4
230,13719,CHICAGO,IL,60653,25.0,0.0,0.0,0.0,1,1,20,2016.0,1,2,1,6.0,30,1,1,1,2,1,7,1,1,0,2,2,20,6,4,2020,2.0,0,1,1,0,3,4
231,14174,UNKNOWN,XX,0,38.0,0.0,2.0,0.0,1,1,14,2010.0,2,3,2,1.0,30,1,1,1,1,5,0,1,1,0,1,2,17,7,4,2020,3.0,0,1,1,1,3,4
232,14176,CHICAGO,IL,60624,32.0,-1.0,0.0,0.0,1,1,14,2010.0,2,3,2,1.0,30,1,1,1,1,5,0,1,1,0,1,2,17,7,4,2020,3.0,1,1,1,1,3,0
233,14271,CHICAGO,IL,60624,31.0,-1.0,-1.0,0.0,1,10,120,2011.0,-1,2,1,1.0,25,2,1,1,1,5,1,1,1,0,2,2,19,7,4,2020,2.0,1,1,1,1,1,0
234,14357,CHICAGO,IL,60640,33.0,0.0,0.0,0.0,1,3,40,2012.0,1,3,1,1.0,30,1,1,1,2,6,1,1,1,0,1,2,22,7,4,2020,0.0,1,1,1,1,3,4
235,14359,CHICAGO,IL,60640,36.0,0.0,1.0,0.0,1,7,25,2007.0,2,3,1,5.0,30,1,1,1,2,4,1,1,1,0,3,2,21,7,4,2020,1.0,0,0,1,1,3,4
236,14360,CHICAGO,IL,60610,35.0,0.0,0.0,0.0,1,-1,1,2010.0,1,3,1,6.0,30,1,1,1,2,4,1,1,1,0,3,2,21,7,4,2020,1.0,1,0,1,1,3,4
237,14361,CHICAGO,IL,60610,35.0,0.0,0.0,0.0,1,7,25,2007.0,2,3,1,5.0,30,1,1,1,2,4,1,1,1,0,3,2,21,7,4,2020,1.0,1,0,1,1,3,4
238,14659,STREAMWOOD,IL,60107,21.0,0.0,1.0,0.0,1,-1,2,2010.0,-1,4,1,1.0,30,2,0,1,2,1,0,1,1,0,1,2,1,1,5,2020,1.0,0,1,1,0,3,4
239,14660,STREAMWOOD,IL,60107,21.0,0.0,1.0,0.0,1,8,16,2013.0,1,3,1,12.0,30,2,0,1,2,1,0,1,1,0,1,2,1,1,5,2020,1.0,0,1,1,0,3,4
240,14662,CHICAGO,IL,60610,36.0,0.0,-1.0,0.0,1,8,16,2013.0,1,3,1,12.0,30,2,0,1,2,1,0,1,1,0,1,2,1,1,5,2020,1.0,0,1,1,0,3,4
241,14787,CHICAGO,IL,60641,34.0,0.0,0.0,0.0,1,24,96,2002.0,1,2,1,3.0,30,1,0,1,2,2,1,1,1,0,2,2,1,3,5,2020,0.0,1,1,1,1,3,4
242,14863,CHICAGO,IL,60641,31.0,0.0,0.0,0.0,1,38,139,2018.0,8,1,1,5.0,30,1,1,1,2,1,1,1,1,0,1,2,23,2,5,2020,0.0,1,1,1,1,3,4
243,14958,CHICAGO,IL,60638,28.0,0.0,0.0,0.0,1,3,3,2019.0,1,1,1,8.0,30,2,1,1,1,3,2,1,1,0,1,2,15,1,4,2020,0.0,1,1,1,1,3,3
244,15150,CHICAGO,IL,60609,34.0,-1.0,0.0,0.0,1,-1,2,2011.0,1,2,16,5.0,15,0,0,1,1,5,11,1,1,0,1,2,12,1,4,2020,2.0,0,1,1,0,1,0
245,15249,CHICAGO,IL,60609,25.0,0.0,0.0,0.0,1,10,26,2017.0,1,8,2,4.0,30,1,1,1,1,2,4,1,1,0,2,2,12,1,5,2020,0.0,1,1,0,1,3,3
246,15250,CHICAGO,IL,60609,25.0,0.0,0.0,0.0,1,33,198,2013.0,1,8,2,2.0,30,1,1,1,1,2,4,1,1,0,2,2,12,1,5,2020,0.0,1,1,0,1,3,3
247,15393,CHICAGO,IL,60617,36.9,0.0,-1.0,0.0,1,5,7,2020.0,1,1,15,10.0,30,1,1,2,1,2,5,1,2,0,1,3,12,3,5,2020,2.0,0,1,1,1,3,4
248,15394,CHICAGO,IL,60617,36.9,0.0,-1.0,0.0,2,1,58,2018.0,2,1,5,7.0,30,1,1,2,1,2,5,1,2,0,1,3,12,3,5,2020,2.0,0,1,1,1,3,4
249,15395,HOMER_GLENN,IL,60491,65.0,0.0,3.0,0.0,1,-1,1,2011.0,3,4,1,4.0,30,1,1,2,1,2,5,1,2,0,1,3,12,3,5,2020,2.0,1,1,1,1,3,4
250,15396,HOMER_GLENN,IL,60491,65.0,0.0,3.0,0.0,1,5,7,2020.0,1,1,15,10.0,30,1,1,2,1,2,5,1,2,0,1,3,12,3,5,2020,2.0,1,1,1,1,3,4
251,15397,HOMER_GLENN,IL,60491,65.0,0.0,3.0,0.0,2,1,58,2018.0,2,1,5,7.0,30,1,1,2,1,2,5,1,2,0,1,3,12,3,5,2020,2.0,1,1,1,1,3,4
252,15504,CHICAGO,IL,60617,38.0,0.0,2.0,0.0,1,6,1,2010.0,1,5,2,3.0,30,1,0,2,1,2,1,1,2,0,1,2,7,3,5,2020,3.0,0,1,1,1,3,4
253,15505,CHICAGO,IL,60617,38.0,0.0,2.0,0.0,1,1,4,2017.0,1,3,1,3.0,30,1,0,2,1,2,1,1,2,0,1,2,7,3,5,2020,3.0,0,1,1,1,3,4
254,15506,CHICAGO,IL,60617,19.0,0.0,1.0,0.0,1,6,1,2010.0,1,5,2,3.0,30,1,0,2,1,2,1,1,2,0,1,2,7,3,5,2020,3.0,1,1,1,1,3,4
255,15507,CHICAGO,IL,60617,19.0,0.0,1.0,0.0,1,1,4,2017.0,1,3,1,3.0,30,1,0,2,1,2,1,1,2,0,1,2,7,3,5,2020,3.0,1,1,1,1,3,4
256,15750,CHICAGO,IL,60632,27.0,0.0,0.0,0.0,1,4,11,2016.0,1,4,2,4.0,30,1,1,1,1,2,1,1,1,0,1,2,18,2,4,2020,0.0,0,1,1,1,3,4
257,15785,FOREST_PARK,IL,60130,36.0,0.0,5.0,0.0,1,2,1,2018.0,1,2,12,3.0,30,1,1,1,2,2,6,1,1,0,1,2,19,2,4,2020,1.0,0,0,1,1,1,4