,index,CITY,STATE,ZIPCODE,AGE,EJECTION,DRIVER_ACTION,BAC_RESULT,UNIT_TYPE,MAKE,MODEL,VEHICLE_YEAR,VEHICLE_TYPE,TRAVEL_DIRECTION,MANEUVER,FIRST_CONTACT_POINT,POSTED_SPEED_LIMIT,TRAFFIC_CONTROL_DEVICE,DEVICE_CONDITION,WEATHER_CONDITION,LIGHTING_CONDITION,FIRST_CRASH_TYPE,TRAFFICWAY_TYPE,ALIGNMENT,ROADWAY_SURFACE_COND,ROAD_DEFECT,STREET_DIRECTION,NUM_UNITS,CRASH_HOUR,CRASH_DAY_OF_WEEK,CRASH_MONTH,CRASH_YEAR,FATAL_DEGREE,SEX,INTERSECTION_RELATED,HIT_AND_RUN,REPORTYPE,DAMAGE_COST,FATAL_COND
510,24908,CHICAGO,IL,60619,33.0,-1.0,-1.0,0.0,1,2,1,2011.0,1,4,1,2.0,30,2,1,1,1,4,0,1,1,0,1,5,19,6,5,2020,3.0,1,1,1,1,3,4
511,24997,UNKNOWN,XX,0,36.9,0.0,2.0,0.0,1,1,14,2016.0,1,4,2,1.0,30,2,1,1,2,2,0,1,1,0,1,2,22,6,5,2020,2.0,0,1,1,1,3,4
512,24998,UNKNOWN,XX,0,36.9,0.0,2.0,0.0,1,1,4,2018.0,1,1,1,6.0,30,2,1,1,2,2,0,1,1,0,1,2,22,6,5,2020,2.0,0,1,1,1,3,4
513,24999,OAK_PARK,IL,60302,38.0,0.0,0.0,0.0,1,1,14,2016.0,1,4,2,1.0,30,2,1,1,2,2,0,1,1,0,1,2,22,6,5,2020,2.0,1,1,1,1,3,4
514,25000,OAK_PARK,IL,60302,38.0,0.0,0.0,0.0,1,1,4,2018.0,1,1,1,6.0,30,2,1,1,2,2,0,1,1,0,1,2,22,6,5,2020,2.0,1,1,1,1,3,4
515,25186,CHICAGO,IL,60652,73.0,0.0,0.0,0.0,1,15,83,2002.0,1,4,3,2.0,30,1,1,2,1,3,0,1,2,0,2,2,12,5,5,2020,0.0,0,1,1,0,3,3
516,25232,CRYSTAL_LAKE,IL,60014,18.0,0.0,-1.0,0.0,1,3,12,2005.0,1,2,1,3.0,30,0,0,2,2,2,0,1,2,0,2,2,1,1,5,2020,0.0,1,1,1,1,2,3
517,25437,UNKNOWN,XX,0,36.9,0.0,2.0,0.0,1,25,146,2015.0,1,4,2,9.0,30,1,3,1,1,2,5,1,1,-1,2,2,11,7,5,2020,2.0,0,1,1,1,3,4
518,25438,ST_LOUIS,MO,63122,29.0,0.0,0.0,0.0,1,-1,39,2011.0,7,1,1,1.0,30,1,3,1,1,2,5,1,1,-1,2,2,11,7,5,2020,2.0,0,1,1,1,3,4
519,25439,ST_LOUIS,MO,63122,29.0,0.0,0.0,0.0,1,25,146,2015.0,1,4,2,9.0,30,1,3,1,1,2,5,1,1,-1,2,2,11,7,5,2020,2.0,0,1,1,1,3,4
520,25544,CHICAGO,IL,60632,36.0,-1.0,0.0,0.0,1,3,28,2020.0,1,2,3,2.0,30,1,1,1,1,3,1,1,1,0,2,3,14,7,5,2020,2.0,1,1,1,1,3,0
521,25545,CHICAGO,IL,60632,36.0,-1.0,0.0,0.0,1,-1,1,2011.0,-1,2,1,-1.0,30,1,1,1,1,3,1,1,1,0,2,3,14,7,5,2020,2.0,1,1,1,1,3,0
522,25547,CHICAGO,IL,60652,48.0,0.0,0.0,0.0,1,3,28,2020.0,1,2,3,2.0,30,1,1,1,1,3,1,1,1,0,2,3,14,7,5,2020,2.0,0,1,1,1,3,4
523,25548,CHICAGO,IL,60652,48.0,0.0,0.0,0.0,1,-1,1,2011.0,-1,2,1,-1.0,30,1,1,1,1,3,1,1,1,0,2,3,14,7,5,2020,2.0,0,1,1,1,3,4
524,25550,UNKNOWN,XX,0,36.9,-1.0,-1.0,0.0,1,3,28,2020.0,1,2,3,2.0,30,1,1,1,1,3,1,1,1,0,2,3,14,7,5,2020,2.0,1,1,1,1,3,4
525,25551,UNKNOWN,XX,0,36.9,-1.0,-1.0,0.0,1,-1,1,2011.0,-1,2,1,-1.0,30,1,1,1,1,3,1,1,1,0,2,3,14,7,5,2020,2.0,1,1,1,1,3,4
526,25952,CHICAGO,IL,60637,39.0,0.0,0.0,0.0,1,1,89,2011.0,1,3,1,9.0,30,1,1,1,1,4,3,1,1,0,1,2,17,7,5,2020,0.0,1,1,1,0,2,3
527,26001,CHICAGO,XX,60613,41.0,0.0,0.0,0.0,1,8,55,2013.0,1,2,1,9.0,30,1,1,1,2,2,1,1,1,0,2,2,20,7,5,2020,0.0,1,1,1,1,2,3
528,26140,CHICAGO,IL,60644,22.0,0.0,0.0,0.0,1,4,5,2013.0,1,3,1,4.0,30,1,1,1,2,2,1,1,1,0,1,2,22,7,5,2020,0.0,0,1,1,1,3,4
530,26770,CHICAGO,IL,60620,36.9,0.0,2.0,0.0,1,10,1,2014.0,-1,1,1,1.0,20,2,1,1,1,1,1,1,1,0,4,2,12,1,5,2020,2.0,1,1,1,1,3,4
531,26771,CHICAGO,IL,60620,36.9,0.0,2.0,0.0,1,16,1,2002.0,1,2,1,6.0,20,2,1,1,1,1,1,1,1,0,4,2,12,1,5,2020,2.0,1,1,1,1,3,4
532,26772,CHICAGO,IL,60617,24.0,0.0,0.0,0.0,1,10,1,2014.0,-1,1,1,1.0,20,2,1,1,1,1,1,1,1,0,4,2,12,1,5,2020,2.0,0,1,1,1,3,4
533,26773,CHICAGO,IL,60617,24.0,0.0,0.0,0.0,1,16,1,2002.0,1,2,1,6.0,20,2,1,1,1,1,1,1,1,0,4,2,12,1,5,2020,2.0,0,1,1,1,3,4
534,26824,CHICAGO,IL,60628,28.0,0.0,0.0,0.0,1,4,11,2017.0,1,2,1,2.0,30,2,1,1,1,3,0,1,1,0,2,2,12,1,5,2020,0.0,0,1,1,0,3,4
535,26980,CHICAGO,IL,60619,36.0,0.0,-1.0,0.0,1,-1,1,2010.0,1,3,1,1.0,30,1,1,1,2,2,1,1,1,0,2,2,1,7,5,2020,1.0,0,1,1,1,3,4
536,26981,CHICAGO,IL,60619,36.0,0.0,-1.0,0.0,1,1,4,2017.0,1,3,4,8.0,30,1,1,1,2,2,1,1,1,0,2,2,1,7,5,2020,1.0,0,1,1,1,3,4
537,26982,CHICAGO,IL,60624,20.0,0.0,0.0,0.0,1,-1,1,2010.0,1,3,1,1.0,30,1,1,1,2,2,1,1,1,0,2,2,1,7,5,2020,1.0,0,1,1,1,3,4
538,26983,CHICAGO,IL,60624,20.0,0.0,0.0,0.0,1,1,4,2017.0,1,3,4,8.0,30,1,1,1,2,2,1,1,1,0,2,2,1,7,5,2020,1.0,0,1,1,1,3,4
539,27172,CHICAGO,IL,60651,36.0,0.0,3.0,0.0,1,1,118,2002.0,2,4,1,1.0,30,1,1,2,1,1,2,1,2,0,3,3,9,3,5,2020,1.0,0,1,1,1,3,4
540,27173,CHICAGO,IL,60651,36.0,0.0,3.0,0.0,1,17,122,2018.0,2,1,1,4.0,30,1,1,2,1,1,2,1,2,0,3,3,9,3,5,2020,1.0,0,1,1,1,3,4
541,27174,CHICAGO,IL,60651,36.0,0.0,3.0,0.0,2,17,122,2016.0,2,1,5,7.0,30,1,1,2,1,1,2,1,2,0,3,3,9,3,5,2020,1.0,0,1,1,1,3,4
542,27175,CHICAGO,IL,60651,44.0,0.0,0.0,0.0,1,1,118,2002.0,2,4,1,1.0,30,1,1,2,1,1,2,1,2,0,3,3,9,3,5,2020,1.0,0,1,1,1,3,4
543,27176,CHICAGO,IL,60651,44.0,0.0,0.0,0.0,1,17,122,2018.0,2,1,1,4.0,30,1,1,2,1,1,2,1,2,0,3,3,9,3,5,2020,1.0,0,1,1,1,3,4
544,27177,CHICAGO,IL,60651,44.0,0.0,0.0,0.0,2,17,122,2016.0,2,1,5,7.0,30,1,1,2,1,1,2,1,2,0,3,3,9,3,5,2020,1.0,0,1,1,1,3,4
545,27248,CHICAGO,IL,60651,41.0,0.0,0.0,0.0,1,50,351,2001.0,3,3,1,9.0,30,1,1,1,1,2,1,1,1,0,1,2,12,2,5,2020,0.0,1,1,1,0,3,3
546,27466,CHICAGO,IL,60620,60.0,-1.0,0.0,0.0,1,1,6,2011.0,1,1,2,1.0,30,1,1,1,1,5,1,1,1,0,1,2,16,2,5,2020,2.0,0,1,1,1,3,0
547,27472,CHICAGO,IL,60620,36.9,0.0,2.0,0.0,1,6,22,2011.0,-1,1,1,-1.0,30,2,1,1,1,1,1,1,1,0,1,2,17,2,5,2020,2.0,1,1,1,1,2,4
548,27473,CHICAGO,IL,60620,36.9,0.0,2.0,0.0,1,9,17,2019.0,1,2,1,6.0,30,2,1,1,1,1,1,1,1,0,1,2,17,2,5,2020,2.0,1,1,1,1,2,4
549,27474,CHICAGO,IL,60628,19.0,0.0,0.0,0.0,1,6,22,2011.0,-1,1,1,-1.0,30,2,1,1,1,1,1,1,1,0,1,2,17,2,5,2020,2.0,0,1,1,1,2,4
550,27475,CHICAGO,IL,60628,19.0,0.0,0.0,0.0,1,9,17,2019.0,1,2,1,6.0,30,2,1,1,1,1,1,1,1,0,1,2,17,2,5,2020,2.0,0,1,1,1,2,4
551,27736,CHICAGO,IL,60643,62.0,0.0,0.0,0.0,1,10,26,2006.0,1,1,4,1.0,30,1,1,1,1,2,1,2,1,0,1,2,17,2,4,2020,0.0,0,1,1,0,3,3
552,27737,CHICAGO,IL,60643,62.0,0.0,0.0,0.0,1,10,26,2006.0,1,1,4,1.0,30,1,1,1,1,2,1,2,1,0,1,2,17,2,4,2020,0.0,0,1,1,0,3,3
553,27740,CHICAGO,IL,60643,62.0,0.0,0.0,0.0,1,10,26,2006.0,1,1,4,1.0,30,1,1,1,1,2,1,2,1,0,1,2,17,2,4,2020,0.0,0,1,1,0,3,3
554,27741,CHICAGO,IL,60643,62.0,0.0,0.0,0.0,1,10,26,2006.0,1,1,4,1.0,30,1,1,1,1,2,1,2,1,0,1,2,17,2,4,2020,0.0,0,1,1,0,3,3
555,28029,UNKNOWN,XX,0,36.9,0.0,3.0,0.0,1,3,104,2005.0,1,4,1,-1.0,30,2,1,2,1,1,1,1,2,0,1,3,9,3,5,2020,2.0,1,1,1,1,3,4
556,28030,UNKNOWN,XX,0,36.9,0.0,3.0,0.0,2,6,56,2015.0,4,4,5,2.0,30,2,1,2,1,1,1,1,2,0,1,3,9,3,5,2020,2.0,1,1,1,1,3,4
557,28031,CHICAGO,IL,60619,22.0,0.0,0.0,0.0,1,-1,1,2011.0,2,3,1,-1.0,30,2,1,2,1,1,1,1,2,0,1,3,9,3,5,2020,2.0,1,1,1,1,3,4
558,28032,CHICAGO,IL,60619,22.0,0.0,0.0,0.0,1,3,104,2005.0,1,4,1,-1.0,30,2,1,2,1,1,1,1,2,0,1,3,9,3,5,2020,2.0,1,1,1,1,3,4
559,28033,CHICAGO,IL,60619,22.0,0.0,0.0,0.0,2,6,56,2015.0,4,4,5,2.0,30,2,1,2,1,1,1,1,2,0,1,3,9,3,5,2020,2.0,1,1,1,1,3,4
560,28145,CHICAGO,IL,60629,66.0,0.0,0.0,0.0,1,3,3,2007.0,1,1,1,6.0,30,0,0,1,1,2,0,1,1,0,1,2,14,3,5,2020,0.0,0,1,1,0,3,3
561,28284,CHICAGO,XX,60629,26.0,0.0,1.0,0.0,1,2,115,2020.0,1,3,1,1.0,30,2,1,2,1,11,0,1,2,0,1,2,15,3,5,2020,0.0,0,0,1,1,3,3
562,28390,CHICAGO,IL,60639,51.0,0.0,0.0,0.0,1,9,70,2020.0,1,1,1,1.0,30,0,0,2,1,1,0,1,2,0,2,3,13,3,5,2020,0.0,1,1,1,1,3,4
563,28391,CHICAGO,IL,60639,51.0,0.0,0.0,0.0,1,3,3,2017.0,1,4,1,1.0,30,0,0,2,1,1,0,1,2,0,2,3,13,3,5,2020,0.0,1,1,1,1,3,4
564,28392,CHICAGO,IL,60639,51.0,0.0,0.0,0.0,2,9,73,2008.0,1,3,5,3.0,30,0,0,2,1,1,0,1,2,0,2,3,13,3,5,2020,0.0,1,1,1,1,3,4
565,28425,CHICAGO,XX,60639,38.0,0.0,-1.0,0.0,1,2,71,2018.0,1,4,1,1.0,30,1,1,1,1,1,1,1,-1,-1,1,2,16,3,5,2020,3.0,0,1,0,1,3,4
566,28426,CHICAGO,XX,60639,38.0,0.0,-1.0,0.0,1,4,5,2014.0,1,3,1,7.0,30,1,1,1,1,1,1,1,-1,-1,1,2,16,3,5,2020,3.0,0,1,0,1,3,4
567,28427,CHICAGO,IL,60639,49.0,0.0,-1.0,0.0,1,2,71,2018.0,1,4,1,1.0,30,1,1,1,1,1,1,1,-1,-1,1,2,16,3,5,2020,3.0,1,1,0,1,3,4
568,28428,CHICAGO,IL,60639,49.0,0.0,-1.0,0.0,1,4,5,2014.0,1,3,1,7.0,30,1,1,1,1,1,1,1,-1,-1,1,2,16,3,5,2020,3.0,1,1,0,1,3,4
569,28524,CHICAGO,IL,60619,36.9,0.0,-1.0,0.0,1,5,7,1996.0,-1,3,1,1.0,35,1,1,2,1,3,2,1,2,-1,1,2,14,3,5,2020,2.0,1,0,1,0,2,4
570,28525,CHICAGO,IL,60619,36.9,0.0,-1.0,0.0,1,1,4,2015.0,1,3,1,2.0,35,1,1,2,1,3,2,1,2,-1,1,2,14,3,5,2020,2.0,1,0,1,0,2,4
571,28526,SOUTH_HOLLAND,IL,60473,54.0,0.0,-1.0,0.0,1,5,7,1996.0,-1,3,1,1.0,35,1,1,2,1,3,2,1,2,-1,1,2,14,3,5,2020,2.0,0,0,1,0,2,4
572,28527,SOUTH_HOLLAND,IL,60473,54.0,0.0,-1.0,0.0,1,1,4,2015.0,1,3,1,2.0,35,1,1,2,1,3,2,1,2,-1,1,2,14,3,5,2020,2.0,0,0,1,0,2,4
573,28781,CHICAGO,IL,60646,50.0,0.0,0.0,0.0,1,5,79,2003.0,6,1,1,2.0,30,1,1,1,1,3,0,1,1,0,3,2,13,3,4,2020,0.0,1,1,1,0,2,3
574,28782,CHICAGO,IL,60646,50.0,0.0,0.0,0.0,1,5,79,2003.0,6,1,1,2.0,30,1,1,1,1,3,0,1,1,0,3,2,13,3,4,2020,0.0,1,1,1,0,2,3
575,28785,CHICAGO,IL,60646,50.0,0.0,0.0,0.0,1,5,79,2003.0,6,1,1,2.0,30,1,1,1,1,3,0,1,1,0,3,2,13,3,4,2020,0.0,1,1,1,0,2,3
576,28786,CHICAGO,IL,60646,50.0,0.0,0.0,0.0,1,5,79,2003.0,6,1,1,2.0,30,1,1,1,1,3,0,1,1,0,3,2,13,3,4,2020,0.0,1,1,1,0,2,3
577,28818,CHICAGO,IL,60609,36.9,-1.0,0.0,0.0,1,16,1,2011.0,1,4,1,-1.0,30,1,1,1,1,5,0,1,1,0,4,2,15,5,5,2020,2.0,1,1,1,1,3,0
578,29135,CHICAGO,IL,60624,36.0,0.0,5.0,0.0,1,22,1,2012.0,1,3,2,3.0,30,1,1,1,1,2,5,1,1,0,1,2,15,4,5,2020,1.0,1,1,1,1,3,4
579,29136,CHICAGO,IL,60624,36.0,0.0,5.0,0.0,1,3,104,2005.0,1,3,1,4.0,30,1,1,1,1,2,5,1,1,0,1,2,15,4,5,2020,1.0,1,1,1,1,3,4
580,29137,CHICAGO,IL,60619,58.0,0.0,0.0,0.0,1,22,1,2012.0,1,3,2,3.0,30,1,1,1,1,2,5,1,1,0,1,2,15,4,5,2020,1.0,1,1,1,1,3,4
581,29138,CHICAGO,IL,60619,58.0,0.0,0.0,0.0,1,3,104,2005.0,1,3,1,4.0,30,1,1,1,1,2,5,1,1,0,1,2,15,4,5,2020,1.0,1,1,1,1,3,4
582,29234,CHICAGO,IL,60623,36.0,0.0,0.0,0.0,1,6,1,2011.0,1,4,2,4.0,30,1,1,1,2,2,0,1,1,0,2,2,0,4,5,2020,0.0,0,1,1,0,2,3
583,29269,WHEELING,IL,60090,20.0,0.0,0.0,0.0,1,1,6,2018.0,1,3,3,2.0,30,1,1,1,2,3,0,1,1,0,1,2,20,4,5,2020,0.0,0,1,1,1,3,3
584,29307,CHICAGO,IL,60642,46.0,0.0,0.0,0.0,1,25,146,2008.0,1,3,2,9.0,30,1,1,1,5,2,0,1,1,0,3,2,21,4,5,2020,0.0,1,1,0,0,3,3
585,29579,CHICAGO,IL,60642,38.0,0.0,-1.0,0.0,1,1,4,2014.0,1,3,1,3.0,30,0,0,1,2,1,5,1,1,0,1,2,1,7,5,2020,3.0,0,1,1,1,3,4
586,29580,CHICAGO,IL,60649,35.0,0.0,-1.0,0.0,1,-1,2,2010.0,-1,5,-1,-1.0,30,0,0,1,2,1,5,1,1,0,1,2,1,7,5,2020,3.0,1,1,1,1,3,4
587,29581,CHICAGO,IL,60649,35.0,0.0,-1.0,0.0,1,1,4,2014.0,1,3,1,3.0,30,0,0,1,2,1,5,1,1,0,1,2,1,7,5,2020,3.0,1,1,1,1,3,4
588,29787,CHICAGO,IL,60608,44.0,0.0,0.0,0.0,1,2,1,2007.0,4,3,3,5.0,25,2,1,1,1,1,1,1,1,0,2,2,11,5,5,2020,0.0,0,1,1,0,3,3
589,30451,CHICAGO,IL,60620,26.0,0.0,0.0,0.0,1,26,1,2014.0,5,3,3,6.0,30,1,1,1,2,4,0,1,2,0,1,2,23,7,5,2020,0.0,0,1,1,1,1,3
590,30499,CALUMET_CITY,IL,60409,27.0,0.0,0.0,0.0,1,2,8,2013.0,1,2,3,2.0,30,1,1,1,1,3,0,1,1,0,4,2,9,7,5,2020,0.0,1,1,1,1,1,3
591,30509,CHICAGO,IL,60628,60.0,0.0,0.0,0.0,1,29,225,2002.0,1,2,2,2.0,30,1,1,1,1,2,1,1,1,0,2,2,9,7,5,2020,0.0,0,1,1,1,3,3
592,30600,CHICAGO,IL,60660,42.0,0.0,0.0,0.0,1,3,74,2019.0,1,3,3,8.0,30,1,1,1,1,3,1,1,1,0,1,2,19,7,5,2020,0.0,0,1,1,1,2,3
593,30767,CHICAGO,IL,60628,57.0,0.0,0.0,0.0,1,22,66,2012.0,1,3,1,8.0,30,1,1,1,1,1,1,1,1,0,1,2,19,6,5,2020,0.0,0,1,1,0,3,3
594,30781,CHICAGO,IL,60617,48.0,0.0,0.0,0.0,1,8,55,2017.0,1,2,3,8.0,30,1,1,1,1,3,2,1,1,0,4,2,13,6,5,2020,0.0,0,1,1,1,3,4
595,30845,UNKNOWN,XX,0,36.9,0.0,2.0,0.0,1,7,10,2011.0,1,2,4,4.0,30,1,1,1,1,5,0,1,1,0,2,2,14,6,5,2020,2.0,0,1,1,1,2,4
596,30847,CHICAGO,IL,60654,29.0,-1.0,-1.0,0.0,1,7,10,2011.0,1,2,4,4.0,30,1,1,1,1,5,0,1,1,0,2,2,14,6,5,2020,2.0,0,1,1,1,2,0
597,31325,CHICAGO,IL,60644,36.0,0.0,3.0,0.0,1,2,31,1998.0,4,2,1,6.0,30,1,1,1,2,1,1,1,2,0,1,2,0,1,5,2020,1.0,0,1,1,1,3,4
598,31326,CHICAGO,IL,60644,36.0,0.0,3.0,0.0,1,9,70,2019.0,1,1,1,1.0,30,1,1,1,2,1,1,1,2,0,1,2,0,1,5,2020,1.0,0,1,1,1,3,4
599,31327,CHICAGO,IL,60644,54.0,0.0,0.0,0.0,1,2,31,1998.0,4,2,1,6.0,30,1,1,1,2,1,1,1,2,0,1,2,0,1,5,2020,1.0,0,1,1,1,3,4
600,31328,CHICAGO,IL,60644,54.0,0.0,0.0,0.0,1,9,70,2019.0,1,1,1,1.0,30,1,1,1,2,1,1,1,2,0,1,2,0,1,5,2020,1.0,0,1,1,1,3,4
601,31598,CHICAGO,IL,60640,27.0,0.0,0.0,0.0,1,1,20,2021.0,1,3,3,2.0,30,1,1,1,1,3,2,1,1,0,3,2,13,7,5,2020,0.0,1,1,1,1,1,3
602,31763,CHICAGO,IL,60644,36.0,0.0,4.0,0.0,1,2,8,2010.0,1,1,1,1.0,30,1,1,1,1,3,2,1,1,0,1,2,15,7,5,2020,1.0,0,1,1,0,2,4
603,31764,CHICAGO,IL,60644,36.0,0.0,4.0,0.0,1,25,128,2012.0,1,1,1,7.0,30,1,1,1,1,3,2,1,1,0,1,2,15,7,5,2020,1.0,0,1,1,0,2,4
604,31765,EVERGREEN_PARK,IL,60805,50.0,0.0,0.0,0.0,1,2,8,2010.0,1,1,1,1.0,30,1,1,1,1,3,2,1,1,0,1,2,15,7,5,2020,1.0,0,1,1,0,2,4
605,31766,EVERGREEN_PARK,IL,60805,50.0,0.0,0.0,0.0,1,25,128,2012.0,1,1,1,7.0,30,1,1,1,1,3,2,1,1,0,1,2,15,7,5,2020,1.0,0,1,1,0,2,4
606,32006,CHICAGO,IL,60616,36.9,0.0,-1.0,0.0,1,1,49,2006.0,3,2,1,6.0,30,2,0,1,3,1,1,1,1,0,1,2,21,7,5,2020,2.0,0,1,1,1,3,4
607,32007,CHICAGO,IL,60617,42.0,0.0,0.0,0.0,1,-1,1,2011.0,-1,1,1,1.0,30,2,0,1,3,1,1,1,1,0,1,2,21,7,5,2020,2.0,1,1,1,1,3,4
608,32008,CHICAGO,IL,60617,42.0,0.0,0.0,0.0,1,1,49,2006.0,3,2,1,6.0,30,2,0,1,3,1,1,1,1,0,1,2,21,7,5,2020,2.0,1,1,1,1,3,4
609,32103,CHICAGO,IL,60632,22.0,0.0,-1.0,0.0,1,1,6,2009.0,1,2,1,6.0,30,1,1,1,2,1,1,1,1,0,2,2,22,7,5,2020,3.0,0,1,0,1,3,4
610,32104,CHICAGO,IL,60632,22.0,0.0,-1.0,0.0,1,6,22,2015.0,3,1,1,1.0,30,1,1,1,2,1,1,1,1,0,2,2,22,7,5,2020,3.0,0,1,0,1,3,4
611,32105,SOUTH_HOLLAND,IL,60473,51.0,0.0,-1.0,0.0,1,1,6,2009.0,1,2,1,6.0,30,1,1,1,2,1,1,1,1,0,2,2,22,7,5,2020,3.0,1,1,0,1,3,4
612,32106,SOUTH_HOLLAND,IL,60473,51.0,0.0,-1.0,0.0,1,6,22,2015.0,3,1,1,1.0,30,1,1,1,2,1,1,1,1,0,2,2,22,7,5,2020,3.0,1,1,0,1,3,4
613,32276,CHICAGO,IL,60656,44.0,0.0,0.0,0.0,1,2,322,1988.0,1,3,1,12.0,30,2,0,1,2,1,0,1,1,0,1,2,22,1,5,2020,0.0,1,1,1,0,2,4
614,32291,CHICAGO,IL,60617,48.0,0.0,0.0,0.0,1,4,11,2017.0,1,2,1,1.0,35,2,1,1,2,1,1,1,1,0,1,2,2,2,5,2020,0.0,1,1,1,1,3,3
615,32353,CHICAGO,IL,60629,39.0,0.0,0.0,0.0,1,1,14,2011.0,2,4,1,3.0,35,1,1,1,1,1,0,2,1,0,1,2,6,2,5,2020,3.0,1,1,1,1,3,4
616,32354,CHICAGO,IL,60629,39.0,0.0,0.0,0.0,1,14,101,2012.0,2,3,1,5.0,35,1,1,1,1,1,0,2,1,0,1,2,6,2,5,2020,3.0,1,1,1,1,3,4
617,32363,CHICAGO,IL,60629,38.0,0.0,1.0,0.0,1,1,14,2011.0,2,4,1,3.0,35,1,1,1,1,1,0,2,1,0,1,2,6,2,5,2020,3.0,1,1,1,1,3,4
618,32364,CHICAGO,IL,60629,38.0,0.0,1.0,0.0,1,14,101,2012.0,2,3,1,5.0,35,1,1,1,1,1,0,2,1,0,1,2,6,2,5,2020,3.0,1,1,1,1,3,4
619,32511,MAYWOOD,IL,60153,31.0,-1.0,-1.0,0.0,1,12,1,2003.0,1,3,1,1.0,30,1,1,1,1,5,1,1,1,0,3,2,13,1,5,2020,2.0,1,1,1,1,3,0
620,32513,MAYWOOD,IL,60153,36.9,0.0,1.0,0.0,1,12,1,2003.0,1,3,1,1.0,30,1,1,1,1,5,1,1,1,0,3,2,13,1,5,2020,2.0,1,1,1,1,3,4
621,32800,MAYWOOD,IL,60153,36.0,0.0,2.0,0.0,1,4,29,2017.0,-1,8,2,3.0,30,1,1,2,1,2,1,1,2,0,1,2,14,1,5,2020,1.0,1,1,1,1,3,4
622,32801,MAYWOOD,IL,60153,36.0,0.0,2.0,0.0,1,20,145,2006.0,-1,-1,-1,-1.0,30,1,1,2,1,2,1,1,2,0,1,2,14,1,5,2020,1.0,1,1,1,1,3,4
623,32802,CHICAGO,IL,60628,26.0,0.0,0.0,0.0,1,4,29,2017.0,-1,8,2,3.0,30,1,1,2,1,2,1,1,2,0,1,2,14,1,5,2020,1.0,1,1,1,1,3,4
624,32803,CHICAGO,IL,60628,26.0,0.0,0.0,0.0,1,20,145,2006.0,-1,-1,-1,-1.0,30,1,1,2,1,2,1,1,2,0,1,2,14,1,5,2020,1.0,1,1,1,1,3,4
625,32811,CHICAGO_RIDGE,IL,60415,25.0,0.0,0.0,0.0,1,4,5,2020.0,1,2,1,4.0,30,1,1,2,1,2,2,1,2,0,1,2,14,1,5,2020,0.0,1,1,1,0,2,3
626,33213,CHICAGO,IL,60616,38.0,-1.0,3.0,0.0,1,-1,2,2010.0,2,1,1,1.0,30,1,1,2,1,1,1,1,2,0,2,2,18,1,5,2020,3.0,0,1,1,0,3,4
627,33214,CHICAGO,IL,60616,38.0,-1.0,3.0,0.0,1,8,16,2010.0,1,2,1,6.0,30,1,1,2,1,1,1,1,2,0,2,2,18,1,5,2020,3.0,0,1,1,0,3,4
628,33215,CHICAGO,IL,60619,56.0,0.0,0.0,0.0,1,-1,2,2010.0,2,1,1,1.0,30,1,1,2,1,1,1,1,2,0,2,2,18,1,5,2020,3.0,1,1,1,0,3,4
629,33216,CHICAGO,IL,60619,56.0,0.0,0.0,0.0,1,8,16,2010.0,1,2,1,6.0,30,1,1,2,1,1,1,1,2,0,2,2,18,1,5,2020,3.0,1,1,1,0,3,4
630,33441,CHICAGO,IL,60609,67.0,0.0,-1.0,0.0,1,7,125,2005.0,2,3,1,1.0,30,2,0,1,1,3,2,2,1,0,1,2,13,7,4,2020,1.0,1,1,1,0,3,4
631,33442,CHICAGO,IL,60609,67.0,0.0,-1.0,0.0,1,7,125,2005.0,2,3,1,1.0,30,2,0,1,1,3,2,2,1,0,1,2,13,7,4,2020,1.0,1,1,1,0,3,4
632,33443,CHICAGO,IL,60609,67.0,0.0,-1.0,0.0,1,1,6,2004.0,1,3,1,2.0,30,2,0,1,1,3,2,2,1,0,1,2,13,7,4,2020,1.0,1,1,1,0,3,4
633,33444,CHICAGO,IL,60609,67.0,0.0,-1.0,0.0,1,1,6,2004.0,1,3,1,2.0,30,2,0,1,1,3,2,2,1,0,1,2,13,7,4,2020,1.0,1,1,1,0,3,4
634,33445,CHICAGO,IL,60609,36.0,0.0,-1.0,0.0,1,7,125,2005.0,2,3,1,1.0,30,2,0,1,1,3,2,2,1,0,1,2,13,7,4,2020,1.0,0,1,1,0,3,4
635,33446,CHICAGO,IL,60609,36.0,0.0,-1.0,0.0,1,7,125,2005.0,2,3,1,1.0,30,2,0,1,1,3,2,2,1,0,1,2,13,7,4,2020,1.0,0,1,1,0,3,4
636,33447,CHICAGO,IL,60609,36.0,0.0,-1.0,0.0,1,1,6,2004.0,1,3,1,2.0,30,2,0,1,1,3,2,2,1,0,1,2,13,7,4,2020,1.0,0,1,1,0,3,4