,index,CITY,STATE,ZIPCODE,AGE,EJECTION,DRIVER_ACTION,BAC_RESULT,UNIT_TYPE,MAKE,MODEL,VEHICLE_YEAR,VEHICLE_TYPE,TRAVEL_DIRECTION,MANEUVER,FIRST_CONTACT_POINT,POSTED_SPEED_LIMIT,TRAFFIC_CONTROL_DEVICE,DEVICE_CONDITION,WEATHER_CONDITION,LIGHTING_CONDITION,FIRST_CRASH_TYPE,TRAFFICWAY_TYPE,ALIGNMENT,ROADWAY_SURFACE_COND,ROAD_DEFECT,STREET_DIRECTION,NUM_UNITS,CRASH_HOUR,CRASH_DAY_OF_WEEK,CRASH_MONTH,CRASH_YEAR,FATAL_DEGREE,SEX,INTERSECTION_RELATED,HIT_AND_RUN,REPORTYPE,DAMAGE_COST,FATAL_COND
1142,54155,DEKALB,IL,60115,25.0,0.0,3.0,0.0,1,8,34,2019.0,1,1,1,3.0,30,2,1,1,1,1,1,1,1,3,3,3,16,2,6,2020,3.0,0,1,1,1,3,4
1143,54156,DEKALB,IL,60115,25.0,0.0,3.0,0.0,1,-1,2,2011.0,11,4,3,1.0,30,2,1,1,1,1,1,1,1,3,3,3,16,2,6,2020,3.0,0,1,1,1,3,4
1144,54157,CHICAGO,IL,60647,57.0,0.0,0.0,0.0,1,1,27,2001.0,1,2,1,1.0,30,2,1,1,1,1,1,1,1,3,3,3,16,2,6,2020,3.0,1,1,1,1,3,4
1145,54158,CHICAGO,IL,60647,57.0,0.0,0.0,0.0,1,8,34,2019.0,1,1,1,3.0,30,2,1,1,1,1,1,1,1,3,3,3,16,2,6,2020,3.0,1,1,1,1,3,4
1146,54159,CHICAGO,IL,60647,57.0,0.0,0.0,0.0,1,-1,2,2011.0,11,4,3,1.0,30,2,1,1,1,1,1,1,1,3,3,3,16,2,6,2020,3.0,1,1,1,1,3,4
1147,54160,CHICAGO,IL,60647,52.0,1.0,0.0,0.0,1,1,27,2001.0,1,2,1,1.0,30,2,1,1,1,1,1,1,1,3,3,3,16,2,6,2020,3.0,1,1,1,1,3,4
1148,54161,CHICAGO,IL,60647,52.0,1.0,0.0,0.0,1,8,34,2019.0,1,1,1,3.0,30,2,1,1,1,1,1,1,1,3,3,3,16,2,6,2020,3.0,1,1,1,1,3,4
1149,54162,CHICAGO,IL,60647,52.0,1.0,0.0,0.0,1,-1,2,2011.0,11,4,3,1.0,30,2,1,1,1,1,1,1,1,3,3,3,16,2,6,2020,3.0,1,1,1,1,3,4
1150,54213,CHICAGO,IL,60637,30.0,0.0,6.0,0.0,1,12,32,2013.0,1,2,1,4.0,30,0,0,1,1,1,11,1,1,0,2,2,19,2,6,2020,2.0,1,1,0,1,3,4
1151,54214,CHICAGO,IL,60637,30.0,0.0,6.0,0.0,1,6,1,2013.0,1,1,1,3.0,30,0,0,1,1,1,11,1,1,0,2,2,19,2,6,2020,2.0,1,1,0,1,3,4
1152,54215,CHICAGO,IL,60628,29.0,0.0,0.0,0.0,1,12,32,2013.0,1,2,1,4.0,30,0,0,1,1,1,11,1,1,0,2,2,19,2,6,2020,2.0,1,1,0,1,3,4
1153,54216,CHICAGO,IL,60628,29.0,0.0,0.0,0.0,1,6,1,2013.0,1,1,1,3.0,30,0,0,1,1,1,11,1,1,0,2,2,19,2,6,2020,2.0,1,1,0,1,3,4
1154,54226,EAST_CHICAGO,IN,46312,41.0,0.0,0.0,0.0,1,4,33,2019.0,1,4,1,7.0,30,0,0,1,2,3,0,1,1,-1,4,2,21,2,6,2020,0.0,0,1,1,0,3,3
1155,54275,CHICAGO,IL,60621,36.9,0.0,-1.0,0.0,1,15,173,2020.0,1,1,1,1.0,30,0,0,1,4,1,0,1,1,0,2,2,23,2,6,2020,2.0,1,1,1,1,3,4
1156,54276,CHICAGO,IL,60621,36.9,0.0,-1.0,0.0,1,2,8,2017.0,1,2,1,10.0,30,0,0,1,4,1,0,1,1,0,2,2,23,2,6,2020,2.0,1,1,1,1,3,4
1157,54277,SKOKIE,IL,60076,51.0,0.0,0.0,0.0,1,15,173,2020.0,1,1,1,1.0,30,0,0,1,4,1,0,1,1,0,2,2,23,2,6,2020,2.0,1,1,1,1,3,4
1158,54278,SKOKIE,IL,60076,51.0,0.0,0.0,0.0,1,2,8,2017.0,1,2,1,10.0,30,0,0,1,4,1,0,1,1,0,2,2,23,2,6,2020,2.0,1,1,1,1,3,4
1159,54294,CHICAGO,IL,60621,36.0,0.0,-1.0,0.0,1,14,241,2012.0,7,3,1,1.0,30,1,1,1,2,1,5,1,1,0,1,2,3,2,6,2020,1.0,0,1,0,1,3,4
1160,54295,CHICAGO,IL,60621,36.0,0.0,-1.0,0.0,1,4,33,2010.0,1,2,1,5.0,30,1,1,1,2,1,5,1,1,0,1,2,3,2,6,2020,1.0,0,1,0,1,3,4
1161,54296,CICERO,IL,60804,44.0,0.0,0.0,0.0,1,14,241,2012.0,7,3,1,1.0,30,1,1,1,2,1,5,1,1,0,1,2,3,2,6,2020,1.0,0,1,0,1,3,4
1162,54297,CICERO,IL,60804,44.0,0.0,0.0,0.0,1,4,33,2010.0,1,2,1,5.0,30,1,1,1,2,1,5,1,1,0,1,2,3,2,6,2020,1.0,0,1,0,1,3,4
1164,54503,UNKNOWN,XX,0,36.0,0.0,14.0,0.0,1,1,4,2012.0,1,4,1,1.0,30,2,1,1,1,1,2,1,1,0,2,2,18,4,6,2020,1.0,0,1,1,0,3,4
1165,54504,UNKNOWN,XX,0,36.0,0.0,14.0,0.0,1,6,85,2016.0,1,3,1,7.0,30,2,1,1,1,1,2,1,1,0,2,2,18,4,6,2020,1.0,0,1,1,0,3,4
1166,54505,CHICAGO,IL,60620,23.0,0.0,0.0,0.0,1,1,4,2012.0,1,4,1,1.0,30,2,1,1,1,1,2,1,1,0,2,2,18,4,6,2020,1.0,1,1,1,0,3,4
1167,54506,CHICAGO,IL,60620,23.0,0.0,0.0,0.0,1,6,85,2016.0,1,3,1,7.0,30,2,1,1,1,1,2,1,1,0,2,2,18,4,6,2020,1.0,1,1,1,0,3,4
1168,54533,CHICAGO,IL,60622,35.0,0.0,1.0,0.0,1,7,10,2011.0,1,7,6,8.0,30,0,0,1,1,9,2,1,1,0,3,2,7,3,6,2020,2.0,1,1,1,1,1,2
1169,54573,CHICAGO,IL,60622,39.0,0.0,0.0,0.0,1,9,42,2019.0,1,3,2,7.0,30,2,0,1,1,2,0,1,1,0,3,2,13,3,6,2020,0.0,0,1,1,1,1,3
1170,54586,CHICAGO,IL,60630,44.0,0.0,0.0,0.0,1,5,23,2017.0,1,3,1,3.0,30,1,1,1,1,2,1,1,1,0,2,2,14,3,6,2020,2.0,0,1,1,1,3,4
1171,54587,CHICAGO,IL,60630,44.0,0.0,0.0,0.0,1,15,83,2002.0,1,3,2,1.0,30,1,1,1,1,2,1,1,1,0,2,2,14,3,6,2020,2.0,0,1,1,1,3,4
1172,54588,UNKNOWN,XX,0,36.9,0.0,6.0,0.0,1,5,23,2017.0,1,3,1,3.0,30,1,1,1,1,2,1,1,1,0,2,2,14,3,6,2020,2.0,1,1,1,1,3,4
1173,54589,UNKNOWN,XX,0,36.9,0.0,6.0,0.0,1,15,83,2002.0,1,3,2,1.0,30,1,1,1,1,2,1,1,1,0,2,2,14,3,6,2020,2.0,1,1,1,1,3,4
1174,54623,CHICAGO,IL,60632,36.9,0.0,5.0,0.0,1,5,7,1999.0,1,4,4,-1.0,30,1,1,1,1,2,1,1,1,0,1,2,15,3,6,2020,2.0,1,1,1,1,3,4
1175,54624,CHICAGO,IL,60632,36.9,0.0,5.0,0.0,1,7,59,2020.0,1,3,4,4.0,30,1,1,1,1,2,1,1,1,0,1,2,15,3,6,2020,2.0,1,1,1,1,3,4
1176,54625,CICERO,IL,60804,31.0,0.0,0.0,0.0,1,5,7,1999.0,1,4,4,-1.0,30,1,1,1,1,2,1,1,1,0,1,2,15,3,6,2020,2.0,0,1,1,1,3,4
1177,54626,CICERO,IL,60804,31.0,0.0,0.0,0.0,1,7,59,2020.0,1,3,4,4.0,30,1,1,1,1,2,1,1,1,0,1,2,15,3,6,2020,2.0,0,1,1,1,3,4
1178,54655,CHICAGO,IL,60620,79.0,0.0,0.0,0.0,1,1,14,2017.0,1,4,1,6.0,30,1,1,1,1,4,3,1,1,0,4,2,14,3,6,2020,0.0,0,1,1,0,3,3
1179,54856,CHICAGO,IL,60615,37.0,0.0,0.0,0.0,1,1,6,2015.0,1,4,4,12.0,30,2,1,1,1,2,0,1,1,0,1,2,20,3,6,2020,0.0,1,1,1,0,2,3
1180,55129,CHICAGO,IL,60652,24.0,0.0,0.0,0.0,3,5,164,2019.0,1,3,5,9.0,30,2,1,1,1,1,1,1,1,0,1,5,13,4,6,2020,0.0,0,1,1,1,3,4
1181,55130,CHICAGO,IL,60652,24.0,0.0,0.0,0.0,3,8,34,2018.0,2,3,5,1.0,30,2,1,1,1,1,1,1,1,0,1,5,13,4,6,2020,0.0,0,1,1,1,3,4
1182,55131,CHICAGO,IL,60652,24.0,0.0,0.0,0.0,3,41,190,2010.0,2,1,5,2.0,30,2,1,1,1,1,1,1,1,0,1,5,13,4,6,2020,0.0,0,1,1,1,3,4
1183,55180,CHICAGO,IL,60612,34.0,0.0,9.0,0.0,1,20,1,2007.0,1,2,2,3.0,30,1,1,1,1,2,1,1,1,0,3,2,15,4,6,2020,0.0,1,1,1,1,3,4
1184,55181,CHICAGO,IL,60612,34.0,0.0,9.0,0.0,1,2,9,2018.0,9,4,3,7.0,30,1,1,1,1,2,1,1,1,0,3,2,15,4,6,2020,0.0,1,1,1,1,3,4
1185,55182,CHICAGO,IL,60612,40.0,0.0,11.0,0.0,1,20,1,2007.0,1,2,2,3.0,30,1,1,1,1,2,1,1,1,0,3,2,15,4,6,2020,0.0,1,1,1,1,3,4
1186,55183,CHICAGO,IL,60612,40.0,0.0,11.0,0.0,1,2,9,2018.0,9,4,3,7.0,30,1,1,1,1,2,1,1,1,0,3,2,15,4,6,2020,0.0,1,1,1,1,3,4
1187,55297,CHICAGO,IL,60644,49.0,0.0,0.0,1.0,1,5,7,2017.0,1,1,3,2.0,30,2,1,1,1,3,2,1,1,0,3,2,17,4,6,2020,0.0,1,1,1,1,1,3
1188,55345,CHICAGO,IL,60636,17.0,0.0,0.0,0.0,1,1,6,2008.0,1,1,9,1.0,30,2,1,1,1,9,1,1,1,0,3,2,18,4,6,2020,1.0,1,1,0,1,3,4
1189,55347,CHICAGO,IL,60636,34.0,1.0,2.0,0.0,1,1,6,2008.0,1,1,9,1.0,30,2,1,1,1,9,1,1,1,0,3,2,18,4,6,2020,1.0,0,1,0,1,3,2
1190,55536,CHICAGO,IL,60619,27.0,0.0,0.0,0.0,1,7,10,2012.0,2,1,1,1.0,35,1,1,1,1,2,2,1,1,0,1,2,19,4,6,2020,0.0,0,1,1,0,3,3
1191,55802,CHICAGO,IL,60625,28.0,0.0,0.0,0.0,1,2,24,2011.0,1,3,1,10.0,30,2,1,1,1,4,3,1,1,0,2,2,17,5,6,2020,0.0,0,1,1,1,3,3
1192,55932,WESTCHESTER,IL,60154,36.9,0.0,2.0,0.0,1,-1,2,2000.0,1,4,1,1.0,30,1,1,1,1,5,1,1,1,0,1,2,19,5,6,2020,2.0,0,1,1,0,3,4
1193,55934,CHICAGO,IL,60613,56.0,-1.0,0.0,0.0,1,-1,2,2000.0,1,4,1,1.0,30,1,1,1,1,5,1,1,1,0,1,2,19,5,6,2020,2.0,1,1,1,0,3,0
1194,56279,WESTCHESTER,IL,60154,36.9,0.0,3.0,0.0,1,6,56,2020.0,4,4,1,5.0,30,1,1,1,1,1,1,1,1,0,1,2,11,6,6,2020,2.0,0,1,1,1,3,4
1195,56280,WESTCHESTER,IL,60154,36.9,0.0,3.0,0.0,1,5,38,2004.0,3,1,1,1.0,30,1,1,1,1,1,1,1,1,0,1,2,11,6,6,2020,2.0,0,1,1,1,3,4
1196,56281,HICKORY_HILLS,IL,60457,42.0,0.0,0.0,0.0,1,6,56,2020.0,4,4,1,5.0,30,1,1,1,1,1,1,1,1,0,1,2,11,6,6,2020,2.0,1,1,1,1,3,4
1197,56282,HICKORY_HILLS,IL,60457,42.0,0.0,0.0,0.0,1,5,38,2004.0,3,1,1,1.0,30,1,1,1,1,1,1,1,1,0,1,2,11,6,6,2020,2.0,1,1,1,1,3,4
1198,56404,WESTCHESTER,IL,60154,36.9,0.0,2.0,0.0,1,-1,365,2011.0,-1,5,2,1.0,30,1,1,1,1,5,2,1,1,0,3,2,15,6,6,2020,2.0,1,1,1,1,1,4
1199,56406,CHICAGO,IL,60630,16.0,-1.0,0.0,0.0,1,-1,365,2011.0,-1,5,2,1.0,30,1,1,1,1,5,2,1,1,0,3,2,15,6,6,2020,2.0,1,1,1,1,1,0
1200,56685,CHICAGO,IL,60623,32.0,0.0,0.0,0.0,1,30,193,2008.0,1,4,4,6.0,30,2,1,1,1,2,0,1,1,0,2,2,18,6,6,2020,0.0,1,1,1,1,3,3
1201,56686,CHICAGO,IL,60623,32.0,0.0,0.0,0.0,1,4,5,2015.0,1,4,4,5.0,30,2,1,1,1,2,0,1,1,0,2,2,18,6,6,2020,0.0,1,1,1,1,3,3
1202,56702,CHICAGO,IL,60608,55.0,1.0,10.0,0.0,1,10,149,2007.0,1,4,2,5.0,30,-1,-1,1,1,9,4,1,-1,-1,3,2,18,6,6,2020,2.0,1,1,0,1,3,2
1203,56704,CHICAGO,IL,60651,43.0,0.0,-1.0,0.0,1,10,149,2007.0,1,4,2,5.0,30,-1,-1,1,1,9,4,1,-1,-1,3,2,18,6,6,2020,2.0,0,1,0,1,3,4
1204,56785,WESTCHESTER,IL,60154,38.0,0.0,-1.0,0.0,1,-1,2,2010.0,1,3,-1,-1.0,30,0,0,1,2,5,0,1,1,0,1,2,23,6,6,2020,3.0,0,0,1,1,3,4
1205,56787,FOND_DU_LAC,WI,54935,29.0,-1.0,-1.0,0.0,1,-1,2,2010.0,1,3,-1,-1.0,30,0,0,1,2,5,0,1,1,0,1,2,23,6,6,2020,3.0,1,0,1,1,3,0
1206,57364,CHICAGO,IL,60649,74.0,0.0,0.0,0.0,1,19,124,2004.0,1,3,1,1.0,30,2,1,1,1,1,1,1,1,-1,1,2,14,7,6,2020,0.0,1,1,0,1,3,4
1207,57365,CHICAGO,IL,60649,74.0,0.0,0.0,0.0,1,9,37,2011.0,1,4,1,11.0,30,2,1,1,1,1,1,1,1,-1,1,2,14,7,6,2020,0.0,1,1,0,1,3,4
1208,57390,FOND_DU_LAC,WI,54935,36.9,0.0,2.0,0.0,1,-1,2,2011.0,3,3,2,1.0,30,6,1,1,1,5,1,1,1,0,1,2,15,7,6,2020,2.0,1,1,1,1,1,4
1209,57392,BREWYN,IL,60402,55.0,-1.0,-1.0,0.0,1,-1,2,2011.0,3,3,2,1.0,30,6,1,1,1,5,1,1,1,0,1,2,15,7,6,2020,2.0,1,1,1,1,1,0
1210,57401,CHICAGO,IL,60638,40.0,0.0,1.0,0.0,1,1,20,2014.0,1,4,7,3.0,30,0,0,1,1,4,8,1,1,0,2,2,16,7,6,2020,0.0,1,1,1,0,2,3
1211,57462,CHICAGO,IL,60629,35.0,0.0,0.0,0.0,1,18,91,2020.0,1,4,1,3.0,35,1,1,1,1,2,0,1,1,0,1,2,17,7,6,2020,0.0,0,1,1,0,2,3
1212,57533,CHICAGO,IL,60615,48.0,0.0,0.0,0.0,1,13,171,2001.0,1,1,1,2.0,30,1,1,1,1,3,0,1,1,0,1,2,18,7,6,2020,0.0,1,1,1,0,2,3
1213,57624,FOND_DU_LAC,WI,54935,36.9,0.0,2.0,0.0,1,31,108,2011.0,6,1,1,1.0,30,0,0,1,4,2,1,1,1,0,1,2,21,7,6,2020,2.0,0,1,0,0,3,4
1214,57625,CHICAGO,IL,60621,44.0,-1.0,-1.0,0.0,1,-1,2,2011.0,-1,2,4,-1.0,30,0,0,1,4,2,1,1,1,0,1,2,21,7,6,2020,2.0,1,1,0,0,3,4
1215,57626,CHICAGO,IL,60621,44.0,-1.0,-1.0,0.0,1,31,108,2011.0,6,1,1,1.0,30,0,0,1,4,2,1,1,1,0,1,2,21,7,6,2020,2.0,1,1,0,0,3,4
1216,57721,UNKNOWN,XX,0,38.0,0.0,1.0,0.0,1,15,1,2002.0,1,6,2,1.0,30,1,1,1,2,2,1,1,1,0,4,2,21,7,6,2020,3.0,0,1,1,0,3,4
1217,57722,UNKNOWN,XX,0,38.0,0.0,1.0,0.0,1,15,1,2002.0,1,6,2,1.0,30,1,1,1,2,2,1,1,1,0,4,2,21,7,6,2020,3.0,0,1,1,0,3,4
1218,57723,UNKNOWN,XX,0,38.0,0.0,1.0,0.0,1,2,24,2013.0,1,4,1,-1.0,30,1,1,1,2,2,1,1,1,0,4,2,21,7,6,2020,3.0,0,1,1,0,3,4
1219,57724,UNKNOWN,XX,0,38.0,0.0,1.0,0.0,1,2,24,2013.0,1,4,1,-1.0,30,1,1,1,2,2,1,1,1,0,4,2,21,7,6,2020,3.0,0,1,1,0,3,4
1220,57725,CHICAGO,IL,60619,20.0,0.0,1.0,0.0,1,15,1,2002.0,1,6,2,1.0,30,1,1,1,2,2,1,1,1,0,4,2,21,7,6,2020,3.0,1,1,1,0,3,4
1221,57726,CHICAGO,IL,60619,20.0,0.0,1.0,0.0,1,15,1,2002.0,1,6,2,1.0,30,1,1,1,2,2,1,1,1,0,4,2,21,7,6,2020,3.0,1,1,1,0,3,4
1222,57727,CHICAGO,IL,60619,20.0,0.0,1.0,0.0,1,2,24,2013.0,1,4,1,-1.0,30,1,1,1,2,2,1,1,1,0,4,2,21,7,6,2020,3.0,1,1,1,0,3,4
1223,57728,CHICAGO,IL,60619,20.0,0.0,1.0,0.0,1,2,24,2013.0,1,4,1,-1.0,30,1,1,1,2,2,1,1,1,0,4,2,21,7,6,2020,3.0,1,1,1,0,3,4
1224,57733,DOLTON,IL,60419,78.0,0.0,1.0,0.0,1,15,1,2002.0,1,6,2,1.0,30,1,1,1,2,2,1,1,1,0,4,2,21,7,6,2020,3.0,1,1,1,0,3,4
1225,57734,DOLTON,IL,60419,78.0,0.0,1.0,0.0,1,15,1,2002.0,1,6,2,1.0,30,1,1,1,2,2,1,1,1,0,4,2,21,7,6,2020,3.0,1,1,1,0,3,4
1226,57735,DOLTON,IL,60419,78.0,0.0,1.0,0.0,1,2,24,2013.0,1,4,1,-1.0,30,1,1,1,2,2,1,1,1,0,4,2,21,7,6,2020,3.0,1,1,1,0,3,4
1227,57736,DOLTON,IL,60419,78.0,0.0,1.0,0.0,1,2,24,2013.0,1,4,1,-1.0,30,1,1,1,2,2,1,1,1,0,4,2,21,7,6,2020,3.0,1,1,1,0,3,4
1228,57737,CHICAGO,IL,60619,20.0,0.0,1.0,0.0,1,15,1,2002.0,1,6,2,1.0,30,1,1,1,2,2,1,1,1,0,4,2,21,7,6,2020,3.0,1,1,1,0,3,4
1229,57738,CHICAGO,IL,60619,20.0,0.0,1.0,0.0,1,15,1,2002.0,1,6,2,1.0,30,1,1,1,2,2,1,1,1,0,4,2,21,7,6,2020,3.0,1,1,1,0,3,4
1230,57739,CHICAGO,IL,60619,20.0,0.0,1.0,0.0,1,2,24,2013.0,1,4,1,-1.0,30,1,1,1,2,2,1,1,1,0,4,2,21,7,6,2020,3.0,1,1,1,0,3,4
1231,57740,CHICAGO,IL,60619,20.0,0.0,1.0,0.0,1,2,24,2013.0,1,4,1,-1.0,30,1,1,1,2,2,1,1,1,0,4,2,21,7,6,2020,3.0,1,1,1,0,3,4
1232,58201,MELROSE_PARK,IL,60160,32.0,0.0,2.0,0.0,1,10,123,2002.0,1,1,4,-1.0,30,0,0,1,1,2,0,1,1,0,3,2,16,1,6,2020,1.0,1,1,1,1,2,4
1233,58202,MELROSE_PARK,IL,60160,32.0,0.0,2.0,0.0,1,2,9,2010.0,-1,-1,-1,-1.0,30,0,0,1,1,2,0,1,1,0,3,2,16,1,6,2020,1.0,1,1,1,1,2,4
1234,58203,CHICAGO,IL,60639,36.0,0.0,-1.0,0.0,1,10,123,2002.0,1,1,4,-1.0,30,0,0,1,1,2,0,1,1,0,3,2,16,1,6,2020,1.0,0,1,1,1,2,4
1235,58204,CHICAGO,IL,60639,36.0,0.0,-1.0,0.0,1,2,9,2010.0,-1,-1,-1,-1.0,30,0,0,1,1,2,0,1,1,0,3,2,16,1,6,2020,1.0,0,1,1,1,2,4
1236,58513,CHICAGO,IL,60629,26.0,0.0,0.0,0.0,1,4,18,2017.0,2,1,1,6.0,30,1,1,1,2,1,1,1,1,0,1,2,21,1,6,2020,3.0,1,1,1,1,3,4
1237,58514,CHICAGO,IL,60629,26.0,0.0,0.0,0.0,1,-1,1,2010.0,3,4,1,1.0,30,1,1,1,2,1,1,1,1,0,1,2,21,1,6,2020,3.0,1,1,1,1,3,4
1238,58515,CHICAGO,IL,60629,38.0,0.0,-1.0,0.0,1,4,18,2017.0,2,1,1,6.0,30,1,1,1,2,1,1,1,1,0,1,2,21,1,6,2020,3.0,0,1,1,1,3,4
1239,58516,CHICAGO,IL,60629,38.0,0.0,-1.0,0.0,1,-1,1,2010.0,3,4,1,1.0,30,1,1,1,2,1,1,1,1,0,1,2,21,1,6,2020,3.0,0,1,1,1,3,4
1240,58532,CHICAGO,IL,60623,40.0,0.0,0.0,0.0,1,1,20,2016.0,1,4,1,1.0,30,2,1,1,2,1,0,1,1,0,1,2,23,1,6,2020,0.0,1,1,1,1,3,4
1241,58746,OLYMPIA_FIELDS,IL,60461,43.0,0.0,0.0,0.0,1,9,73,2017.0,1,1,1,7.0,30,1,1,1,1,4,0,1,1,0,1,2,16,1,6,2020,0.0,0,1,1,0,2,3
1242,58747,OLYMPIA_FIELDS,IL,60461,43.0,0.0,0.0,0.0,1,9,98,2017.0,1,1,1,10.0,30,1,1,1,1,4,0,1,1,0,1,2,16,1,6,2020,0.0,0,1,1,0,2,3
1243,58796,CHICAGO,IL,60620,43.0,0.0,0.0,0.0,1,7,10,2019.0,2,4,3,2.0,30,1,1,1,3,3,5,1,1,0,2,2,1,7,6,2020,0.0,0,0,1,0,2,3
1244,58925,CHICAGO,IL,60628,67.0,0.0,0.0,0.0,1,7,48,2020.0,2,4,1,6.0,35,1,1,1,1,1,1,1,1,0,2,2,13,2,6,2020,0.0,0,1,1,1,3,4
1245,58926,CHICAGO,IL,60628,67.0,0.0,0.0,0.0,1,5,23,2016.0,2,1,1,1.0,35,1,1,1,1,1,1,1,1,0,2,2,13,2,6,2020,0.0,0,1,1,1,3,4
1246,59152,CHICAGO,IL,60643,41.0,0.0,0.0,0.0,1,2,31,2010.0,4,2,1,10.0,25,0,0,1,1,1,8,1,1,0,1,2,14,2,6,2020,0.0,0,1,1,1,3,4
1247,59153,CHICAGO,IL,60643,41.0,0.0,0.0,0.0,1,15,136,2010.0,1,1,1,1.0,25,0,0,1,1,1,8,1,1,0,1,2,14,2,6,2020,0.0,0,1,1,1,3,4
1248,59419,RIVERDALE,IL,60827,36.0,0.0,0.0,0.0,1,3,3,2011.0,1,2,1,3.0,35,2,1,1,1,2,14,1,1,0,2,2,6,3,6,2020,0.0,1,1,1,1,3,3
1249,59459,CHICAGO,IL,60649,64.0,0.0,0.0,0.0,1,2,82,2005.0,7,3,1,1.0,30,2,0,1,1,3,3,1,1,0,1,2,15,2,6,2020,0.0,0,1,1,0,3,3
1250,59460,CHICAGO,IL,60649,64.0,0.0,0.0,0.0,1,8,1,2018.0,1,3,1,2.0,30,2,0,1,1,3,3,1,1,0,1,2,15,2,6,2020,0.0,0,1,1,0,3,3
1251,59681,CHICAGO,IL,60632,21.0,0.0,0.0,0.0,1,1,4,2003.0,1,8,1,4.0,30,1,1,1,1,2,6,1,1,0,1,2,12,3,6,2020,0.0,0,1,1,1,3,3
1252,60310,UNK,XX,0,38.0,-1.0,-1.0,0.0,1,-1,2,2010.0,-1,4,1,1.0,30,1,1,2,2,1,5,1,2,0,1,3,20,3,6,2020,3.0,0,1,1,1,3,4
1253,60311,UNK,XX,0,38.0,-1.0,-1.0,0.0,1,5,38,2007.0,1,3,1,5.0,30,1,1,2,2,1,5,1,2,0,1,3,20,3,6,2020,3.0,0,1,1,1,3,4
1254,60312,UNK,XX,0,38.0,-1.0,-1.0,0.0,1,-1,39,2017.0,5,3,1,5.0,30,1,1,2,2,1,5,1,2,0,1,3,20,3,6,2020,3.0,0,1,1,1,3,4
1255,60313,CHICAGO,IL,60628,47.0,0.0,0.0,0.0,1,-1,2,2010.0,-1,4,1,1.0,30,1,1,2,2,1,5,1,2,0,1,3,20,3,6,2020,3.0,0,1,1,1,3,4
1256,60314,CHICAGO,IL,60628,47.0,0.0,0.0,0.0,1,5,38,2007.0,1,3,1,5.0,30,1,1,2,2,1,5,1,2,0,1,3,20,3,6,2020,3.0,0,1,1,1,3,4
1257,60315,CHICAGO,IL,60628,47.0,0.0,0.0,0.0,1,-1,39,2017.0,5,3,1,5.0,30,1,1,2,2,1,5,1,2,0,1,3,20,3,6,2020,3.0,0,1,1,1,3,4
1258,60316,MARKHAM,IL,60428,70.0,0.0,0.0,0.0,1,-1,2,2010.0,-1,4,1,1.0,30,1,1,2,2,1,5,1,2,0,1,3,20,3,6,2020,3.0,1,1,1,1,3,4
1259,60317,MARKHAM,IL,60428,70.0,0.0,0.0,0.0,1,5,38,2007.0,1,3,1,5.0,30,1,1,2,2,1,5,1,2,0,1,3,20,3,6,2020,3.0,1,1,1,1,3,4
1260,60318,MARKHAM,IL,60428,70.0,0.0,0.0,0.0,1,-1,39,2017.0,5,3,1,5.0,30,1,1,2,2,1,5,1,2,0,1,3,20,3,6,2020,3.0,1,1,1,1,3,4
1261,60361,CHICAGO,IL,60628,36.9,-1.0,3.0,0.0,1,-1,1,2011.0,-1,2,1,3.0,30,2,0,1,3,1,0,1,2,0,1,3,22,3,6,2020,2.0,0,0,1,1,3,4
1262,60362,CHICAGO,IL,60628,36.9,-1.0,3.0,0.0,1,3,1,2012.0,1,3,1,1.0,30,2,0,1,3,1,0,1,2,0,1,3,22,3,6,2020,2.0,0,0,1,1,3,4
1263,60363,CHICAGO,IL,60628,36.9,-1.0,3.0,0.0,2,1,14,2005.0,1,3,5,7.0,30,2,0,1,3,1,0,1,2,0,1,3,22,3,6,2020,2.0,0,0,1,1,3,4
1264,60364,CHICAGO,IL,60621,28.0,0.0,0.0,0.0,1,-1,1,2011.0,-1,2,1,3.0,30,2,0,1,3,1,0,1,2,0,1,3,22,3,6,2020,2.0,1,0,1,1,3,4
1265,60365,CHICAGO,IL,60621,28.0,0.0,0.0,0.0,1,3,1,2012.0,1,3,1,1.0,30,2,0,1,3,1,0,1,2,0,1,3,22,3,6,2020,2.0,1,0,1,1,3,4
1266,60366,CHICAGO,IL,60621,28.0,0.0,0.0,0.0,2,1,14,2005.0,1,3,5,7.0,30,2,0,1,3,1,0,1,2,0,1,3,22,3,6,2020,2.0,1,0,1,1,3,4