,index,CITY,STATE,ZIPCODE,AGE,EJECTION,DRIVER_ACTION,BAC_RESULT,UNIT_TYPE,MAKE,MODEL,VEHICLE_YEAR,VEHICLE_TYPE,TRAVEL_DIRECTION,MANEUVER,FIRST_CONTACT_POINT,POSTED_SPEED_LIMIT,TRAFFIC_CONTROL_DEVICE,DEVICE_CONDITION,WEATHER_CONDITION,LIGHTING_CONDITION,FIRST_CRASH_TYPE,TRAFFICWAY_TYPE,ALIGNMENT,ROADWAY_SURFACE_COND,ROAD_DEFECT,STREET_DIRECTION,NUM_UNITS,CRASH_HOUR,CRASH_DAY_OF_WEEK,CRASH_MONTH,CRASH_YEAR,FATAL_DEGREE,SEX,INTERSECTION_RELATED,HIT_AND_RUN,REPORTYPE,DAMAGE_COST,FATAL_COND
1394,65806,HANOVER_PARK,IL,60133,34.0,0.0,0.0,0.0,1,10,30,2010.0,3,1,7,3.0,30,2,1,1,1,1,2,1,1,0,1,3,19,1,6,2020,0.0,1,1,1,1,3,4
1395,65808,CHICAGO,IL,60632,39.0,0.0,0.0,0.0,1,3,12,2013.0,1,1,7,3.0,30,2,1,1,1,1,2,1,1,0,1,3,19,1,6,2020,0.0,1,1,1,1,3,4
1396,65809,CHICAGO,IL,60632,39.0,0.0,0.0,0.0,1,10,30,2010.0,3,1,7,3.0,30,2,1,1,1,1,2,1,1,0,1,3,19,1,6,2020,0.0,1,1,1,1,3,4
1397,65848,UNKNOWN,XX,0,36.9,0.0,3.0,0.0,1,29,207,2011.0,1,7,2,1.0,40,1,1,1,1,2,5,1,1,0,1,2,18,1,6,2020,2.0,0,1,1,0,3,4
1398,65850,UNKNOWN,XX,0,36.9,0.0,3.0,0.0,1,18,106,2019.0,6,1,1,1.0,40,1,1,1,1,2,5,1,1,0,1,2,18,1,6,2020,2.0,0,1,1,0,3,4
1399,65851,UNKNOWN,XX,0,36.9,0.0,3.0,0.0,1,18,106,2019.0,6,1,1,1.0,40,1,1,1,1,2,5,1,1,0,1,2,18,1,6,2020,2.0,0,1,1,0,3,4
1400,65852,CHICAGO,IL,60605,28.0,0.0,0.0,0.0,1,29,207,2011.0,1,7,2,1.0,40,1,1,1,1,2,5,1,1,0,1,2,18,1,6,2020,2.0,1,1,1,0,3,4
1401,65853,CHICAGO,IL,60605,28.0,0.0,0.0,0.0,1,29,1,2011.0,1,7,2,1.0,40,1,1,1,1,2,5,1,1,0,1,2,18,1,6,2020,2.0,1,1,1,0,3,4
1402,65854,CHICAGO,IL,60605,28.0,0.0,0.0,0.0,1,18,106,2019.0,6,1,1,1.0,40,1,1,1,1,2,5,1,1,0,1,2,18,1,6,2020,2.0,1,1,1,0,3,4
1403,65855,CHICAGO,IL,60605,28.0,0.0,0.0,0.0,1,18,106,2019.0,6,1,1,1.0,40,1,1,1,1,2,5,1,1,0,1,2,18,1,6,2020,2.0,1,1,1,0,3,4
1404,65856,UNKNOWN,XX,0,36.9,0.0,3.0,0.0,1,29,207,2011.0,1,7,2,1.0,40,1,1,1,1,2,5,1,1,0,1,2,18,1,6,2020,2.0,0,1,1,0,3,4
1405,65858,UNKNOWN,XX,0,36.9,0.0,3.0,0.0,1,18,106,2019.0,6,1,1,1.0,40,1,1,1,1,2,5,1,1,0,1,2,18,1,6,2020,2.0,0,1,1,0,3,4
1406,65859,UNKNOWN,XX,0,36.9,0.0,3.0,0.0,1,18,106,2019.0,6,1,1,1.0,40,1,1,1,1,2,5,1,1,0,1,2,18,1,6,2020,2.0,0,1,1,0,3,4
1407,65860,CHICAGO,IL,60605,28.0,0.0,0.0,0.0,1,29,207,2011.0,1,7,2,1.0,40,1,1,1,1,2,5,1,1,0,1,2,18,1,6,2020,2.0,1,1,1,0,3,4
1408,65861,CHICAGO,IL,60605,28.0,0.0,0.0,0.0,1,29,1,2011.0,1,7,2,1.0,40,1,1,1,1,2,5,1,1,0,1,2,18,1,6,2020,2.0,1,1,1,0,3,4
1409,65862,CHICAGO,IL,60605,28.0,0.0,0.0,0.0,1,18,106,2019.0,6,1,1,1.0,40,1,1,1,1,2,5,1,1,0,1,2,18,1,6,2020,2.0,1,1,1,0,3,4
1410,65863,CHICAGO,IL,60605,28.0,0.0,0.0,0.0,1,18,106,2019.0,6,1,1,1.0,40,1,1,1,1,2,5,1,1,0,1,2,18,1,6,2020,2.0,1,1,1,0,3,4
1411,65935,CHICAGO,IL,60628,47.0,0.0,0.0,0.0,1,16,279,2014.0,1,4,2,1.0,30,1,1,1,1,2,0,1,1,0,1,2,19,1,6,2020,0.0,1,1,1,1,3,4
1412,66174,UNKNOWN,XX,0,36.9,0.0,3.0,0.0,1,4,29,2016.0,1,4,1,7.0,30,1,1,1,1,1,1,1,1,0,2,2,7,2,6,2020,2.0,1,1,1,1,3,4
1413,66175,CHICAGO,IL,60643,55.0,0.0,0.0,0.0,1,6,21,2011.0,1,1,1,11.0,30,1,1,1,1,1,1,1,1,0,2,2,7,2,6,2020,2.0,0,1,1,1,3,4
1414,66176,CHICAGO,IL,60643,55.0,0.0,0.0,0.0,1,4,29,2016.0,1,4,1,7.0,30,1,1,1,1,1,1,1,1,0,2,2,7,2,6,2020,2.0,0,1,1,1,3,4
1416,66298,CHICAGO,IL,60612,40.0,-1.0,0.0,0.0,1,-1,1,2010.0,1,4,1,1.0,35,0,0,1,1,5,0,2,1,0,1,2,10,2,6,2020,3.0,1,1,1,1,1,0
1417,66397,UNKNOWN,XX,0,36.9,0.0,1.0,0.0,1,6,41,2011.0,3,3,1,1.0,25,0,1,1,1,9,3,1,1,0,1,2,12,2,6,2020,2.0,1,1,1,1,2,4
1418,66399,CHICAGO,IL,60612,30.0,0.0,1.0,0.0,1,6,41,2011.0,3,3,1,1.0,25,0,1,1,1,9,3,1,1,0,1,2,12,2,6,2020,2.0,1,1,1,1,2,2
1419,66516,CHICAGO,IL,60647,23.0,0.0,0.0,0.0,1,7,217,2014.0,2,2,1,-1.0,30,2,1,1,1,7,4,1,1,0,3,2,14,2,6,2020,0.0,0,1,1,1,3,3
1420,66517,CHICAGO,IL,60647,23.0,0.0,0.0,0.0,1,5,154,2014.0,2,4,1,9.0,30,2,1,1,1,7,4,1,1,0,3,2,14,2,6,2020,0.0,0,1,1,1,3,3
1421,66672,BLUE_ISLAND,IL,60406,32.0,0.0,0.0,0.0,1,22,147,2016.0,1,3,1,8.0,35,2,1,1,1,3,0,1,1,0,1,3,15,2,6,2020,0.0,1,1,1,1,1,3
1422,66926,ELMHURTS,IL,60126,55.0,0.0,0.0,0.0,1,25,128,2017.0,1,2,2,5.0,30,2,1,1,1,2,0,1,1,0,2,2,17,2,6,2020,0.0,1,1,1,1,3,4
1423,66952,UNKNOWN,XX,0,36.9,-1.0,2.0,0.0,1,-1,93,2011.0,-1,4,1,1.0,25,4,1,-1,3,5,0,1,1,0,1,2,10,7,6,2020,2.0,0,1,0,0,3,4
1424,66954,CHICAGO,IL,60647,18.0,-1.0,0.0,0.0,1,-1,93,2011.0,-1,4,1,1.0,25,4,1,-1,3,5,0,1,1,0,1,2,10,7,6,2020,2.0,0,1,0,0,3,0
1425,67159,CHICAGO,IL,60615,51.0,0.0,0.0,0.0,1,7,47,2018.0,2,2,4,3.0,30,1,1,1,1,2,1,1,1,0,2,2,14,2,6,2020,0.0,0,1,1,0,3,3
1426,67160,CHICAGO,IL,60615,51.0,0.0,0.0,0.0,1,4,5,2008.0,1,4,1,2.0,30,1,1,1,1,2,1,1,1,0,2,2,14,2,6,2020,0.0,0,1,1,0,3,3
1427,67309,CHICAGO,IL,60652,59.0,0.0,0.0,0.0,1,3,12,2009.0,1,3,1,6.0,35,1,1,1,2,2,1,1,1,0,1,2,22,2,6,2020,0.0,0,1,1,0,3,3
1428,67660,CHICAGO,IL,60620,21.0,0.0,0.0,0.0,1,4,1,2017.0,1,4,1,6.0,30,2,1,1,1,1,3,1,1,0,4,2,14,3,6,2020,0.0,0,1,1,0,3,3
1429,67758,CHICAGO,IL,60638,52.0,0.0,0.0,0.0,1,1,54,2019.0,4,6,4,6.0,30,1,1,1,1,2,3,1,1,0,3,2,15,3,6,2020,0.0,1,1,0,0,1,3
1430,68104,CHICAGO,IL,60618,29.0,0.0,0.0,0.0,1,2,31,1977.0,4,7,2,1.0,30,1,1,1,1,2,2,1,1,0,2,2,19,3,6,2020,0.0,1,1,1,1,3,3
1431,68122,CHICAGO,IL,60618,36.9,0.0,-1.0,0.0,1,2,1,2015.0,-1,2,2,-1.0,30,1,1,1,3,5,2,1,1,0,2,2,21,3,6,2020,2.0,1,1,1,1,1,4
1432,68124,CHICAGO,IL,60618,63.0,-1.0,0.0,0.0,1,2,1,2015.0,-1,2,2,-1.0,30,1,1,1,3,5,2,1,1,0,2,2,21,3,6,2020,2.0,1,1,1,1,1,0
1433,68149,CHICAGO,IL,60609,21.0,0.0,0.0,0.0,1,22,107,2004.0,1,4,1,8.0,30,1,1,1,2,3,1,1,1,0,1,2,22,3,6,2020,0.0,1,1,1,0,3,3
1434,68236,ELMHURST,IL,60126,62.0,0.0,0.0,0.0,1,7,47,2015.0,2,3,1,1.0,30,1,1,1,2,3,1,1,1,0,1,2,1,4,6,2020,0.0,1,1,1,0,3,3
1435,68237,ELMHURST,IL,60126,62.0,0.0,0.0,0.0,1,1,118,2005.0,2,3,1,2.0,30,1,1,1,2,3,1,1,1,0,1,2,1,4,6,2020,0.0,1,1,1,0,3,3
1436,68240,BLUE_ISLAND,IL,60406,40.0,0.0,2.0,0.0,1,3,3,2001.0,1,1,1,1.0,30,2,1,1,2,1,4,1,1,0,2,2,2,4,6,2020,1.0,1,1,1,1,3,4
1437,68241,BLUE_ISLAND,IL,60406,40.0,0.0,2.0,0.0,1,34,362,2014.0,-1,4,1,9.0,30,2,1,1,2,1,4,1,1,0,2,2,2,4,6,2020,1.0,1,1,1,1,3,4
1438,68242,CHICAGO,IL,60624,36.0,0.0,-1.0,0.0,1,3,3,2001.0,1,1,1,1.0,30,2,1,1,2,1,4,1,1,0,2,2,2,4,6,2020,1.0,1,1,1,1,3,4
1439,68243,CHICAGO,IL,60624,36.0,0.0,-1.0,0.0,1,34,362,2014.0,-1,4,1,9.0,30,2,1,1,2,1,4,1,1,0,2,2,2,4,6,2020,1.0,1,1,1,1,3,4
1440,68260,CHICAGO,IL,60624,36.9,-1.0,2.0,0.0,1,1,4,2009.0,-1,1,2,3.0,30,1,1,1,2,5,1,1,1,0,1,2,4,4,6,2020,2.0,0,1,1,0,3,4
1441,68264,CHICAGO,IL,60624,21.0,-1.0,0.0,0.0,1,1,4,2009.0,-1,1,2,3.0,30,1,1,1,2,5,1,1,1,0,1,2,4,4,6,2020,2.0,1,1,1,0,3,0
1442,68266,CHICAGO,IL,60624,21.0,-1.0,0.0,0.0,1,-1,2,2011.0,-1,1,2,-1.0,30,1,1,1,2,5,1,1,1,0,1,2,4,4,6,2020,2.0,1,1,1,0,3,0
1443,68268,CHICAGO,IL,60624,36.9,-1.0,2.0,0.0,1,1,4,2009.0,-1,1,2,3.0,30,1,1,1,2,5,1,1,1,0,1,2,4,4,6,2020,2.0,0,1,1,0,3,4
1444,68272,CHICAGO,IL,60624,21.0,-1.0,0.0,0.0,1,1,4,2009.0,-1,1,2,3.0,30,1,1,1,2,5,1,1,1,0,1,2,4,4,6,2020,2.0,1,1,1,0,3,0
1445,68274,CHICAGO,IL,60624,21.0,-1.0,0.0,0.0,1,-1,2,2011.0,-1,1,2,-1.0,30,1,1,1,2,5,1,1,1,0,1,2,4,4,6,2020,2.0,1,1,1,0,3,0
1446,68329,TINLEY_PARK,IL,60477,36.0,0.0,0.0,0.0,1,5,7,1996.0,4,3,1,1.0,30,2,1,1,1,2,0,1,1,0,1,2,7,4,6,2020,0.0,1,1,1,1,3,4
1447,68330,TINLEY_PARK,IL,60477,36.0,0.0,0.0,0.0,1,2,1,2019.0,7,2,4,9.0,30,2,1,1,1,2,0,1,1,0,1,2,7,4,6,2020,0.0,1,1,1,1,3,4
1448,68925,CHICAGO,IL,60620,16.0,1.0,0.0,0.0,1,2,1,2011.0,-1,8,2,3.0,30,0,0,1,1,9,1,1,1,0,3,2,18,4,6,2020,2.0,1,1,0,1,1,2
1449,68934,CHICAGO,IL,60612,72.0,0.0,0.0,0.0,1,15,246,2014.0,1,2,1,6.0,30,1,-1,1,4,4,4,1,1,0,2,2,19,4,6,2020,0.0,0,1,1,1,2,3
1450,68982,CHICAGO,IL,60612,36.9,0.0,10.0,0.0,1,7,25,2018.0,1,3,11,1.0,30,1,1,1,2,6,0,1,1,0,1,2,22,4,6,2020,2.0,0,1,1,1,3,4
1451,68983,CHICAGO,IL,60612,36.9,0.0,10.0,0.0,1,9,70,2019.0,1,1,3,1.0,30,1,1,1,2,6,0,1,1,0,1,2,22,4,6,2020,2.0,0,1,1,1,3,4
1452,68984,LANSING,IL,60438,37.0,0.0,0.0,0.0,1,7,25,2018.0,1,3,11,1.0,30,1,1,1,2,6,0,1,1,0,1,2,22,4,6,2020,2.0,0,1,1,1,3,4
1453,68985,LANSING,IL,60438,37.0,0.0,0.0,0.0,1,9,70,2019.0,1,1,3,1.0,30,1,1,1,2,6,0,1,1,0,1,2,22,4,6,2020,2.0,0,1,1,1,3,4
1454,69042,CHICAGO,IL,60612,36.9,0.0,2.0,0.0,1,7,48,2007.0,2,3,2,4.0,30,1,1,1,2,2,0,1,1,0,2,2,22,4,6,2020,2.0,0,1,1,1,3,4
1455,69043,CHICAGO,IL,60612,36.9,0.0,2.0,0.0,1,17,176,2010.0,2,2,1,1.0,30,1,1,1,2,2,0,1,1,0,2,2,22,4,6,2020,2.0,0,1,1,1,3,4
1456,69044,CHICAGO,IL,60644,37.0,0.0,0.0,0.0,1,7,48,2007.0,2,3,2,4.0,30,1,1,1,2,2,0,1,1,0,2,2,22,4,6,2020,2.0,0,1,1,1,3,4
1457,69045,CHICAGO,IL,60644,37.0,0.0,0.0,0.0,1,17,176,2010.0,2,2,1,1.0,30,1,1,1,2,2,0,1,1,0,2,2,22,4,6,2020,2.0,0,1,1,1,3,4
1458,69080,CHICAGO,IL,60644,36.9,0.0,-1.0,0.0,1,2,9,2011.0,1,3,2,1.0,30,1,-1,-1,-1,5,9,1,-1,-1,1,2,7,7,6,2020,2.0,1,1,1,1,3,4
1459,69082,CHICAGO,IL,60609,19.0,-1.0,-1.0,0.0,1,2,9,2011.0,1,3,2,1.0,30,1,-1,-1,-1,5,9,1,-1,-1,1,2,7,7,6,2020,2.0,1,1,1,1,3,0
1460,69188,BEASON,IL,62512,37.0,0.0,0.0,0.0,1,42,1,2019.0,8,2,4,10.0,30,2,1,1,1,2,0,1,1,0,1,2,7,5,6,2020,0.0,1,1,1,1,3,3
1461,69229,GLENWOOD,IL,60425,43.0,0.0,0.0,0.0,1,1,14,2012.0,2,2,3,2.0,35,1,1,1,2,3,5,1,1,0,2,3,22,4,6,2020,0.0,0,0,1,0,2,3
1462,69248,CHICAGO,IL,60621,36.9,0.0,2.0,0.0,1,11,35,2001.0,1,2,1,1.0,30,2,1,1,1,5,2,1,1,0,2,2,10,5,6,2020,2.0,0,1,1,1,3,4
1463,69250,CHICAGO,IL,60639,50.0,-1.0,0.0,0.0,1,11,35,2001.0,1,2,1,1.0,30,2,1,1,1,5,2,1,1,0,2,2,10,5,6,2020,2.0,0,1,1,1,3,0
1464,70191,CHICAGO,IL,60619,64.0,0.0,0.0,0.0,1,3,86,2011.0,1,3,1,1.0,25,1,1,1,1,1,1,1,1,0,1,2,6,6,6,2020,0.0,1,1,1,0,2,3
1465,70198,CHICAGO,IL,60629,32.0,0.0,0.0,0.0,1,1,4,2017.0,1,3,1,3.0,30,2,1,1,1,1,1,1,1,0,1,2,6,6,6,2020,0.0,0,1,1,1,2,3
1466,70270,CHICAGO,IL,60624,29.0,0.0,1.0,0.0,1,13,36,2004.0,1,3,1,3.0,30,1,1,1,2,2,0,1,1,0,1,2,21,5,6,2020,0.0,1,1,1,0,3,3
1467,70378,CHICAGO,IL,60639,40.0,0.0,-1.0,0.0,1,-1,39,2010.0,2,2,4,1.0,35,1,1,1,1,2,0,1,1,0,3,2,10,6,6,2020,1.0,1,1,1,1,3,4
1468,70379,CHICAGO,IL,60639,40.0,0.0,-1.0,0.0,1,2,248,2019.0,7,3,1,6.0,35,1,1,1,1,2,0,1,1,0,3,2,10,6,6,2020,1.0,1,1,1,1,3,4
1469,70684,CHICAGO,IL,60628,68.0,0.0,0.0,0.0,1,1,4,2018.0,1,2,1,9.0,30,1,1,1,1,2,0,1,1,0,4,2,14,6,6,2020,0.0,0,1,1,0,3,3
1470,70764,NORRIDGE,IL,60706,36.0,0.0,4.0,0.0,1,7,125,2010.0,1,4,1,1.0,30,1,1,1,1,3,0,1,1,0,2,2,15,6,6,2020,1.0,0,1,1,1,2,4
1471,70765,NORRIDGE,IL,60706,36.0,0.0,4.0,0.0,1,6,56,2010.0,4,4,1,2.0,30,1,1,1,1,3,0,1,1,0,2,2,15,6,6,2020,1.0,0,1,1,1,2,4
1472,70766,VALPARAISO,IN,46385,47.0,0.0,0.0,1.0,1,7,125,2010.0,1,4,1,1.0,30,1,1,1,1,3,0,1,1,0,2,2,15,6,6,2020,1.0,1,1,1,1,2,4
1473,70767,VALPARAISO,IN,46385,47.0,0.0,0.0,1.0,1,6,56,2010.0,4,4,1,2.0,30,1,1,1,1,3,0,1,1,0,2,2,15,6,6,2020,1.0,1,1,1,1,2,4
1474,70779,NORRIDGE,IL,60706,36.0,0.0,2.0,0.0,1,5,13,2003.0,1,8,1,5.0,30,1,1,1,1,1,1,1,1,0,2,3,15,6,6,2020,1.0,0,1,1,1,3,4
1475,70780,NORRIDGE,IL,60706,36.0,0.0,2.0,0.0,1,1,4,2019.0,1,1,1,3.0,30,1,1,1,1,1,1,1,1,0,2,3,15,6,6,2020,1.0,0,1,1,1,3,4
1476,70781,CHICAGO,IL,60612,58.0,0.0,0.0,0.0,1,-1,93,2010.0,4,1,1,1.0,30,1,1,1,1,1,1,1,1,0,2,3,15,6,6,2020,1.0,0,1,1,1,3,4
1477,70782,CHICAGO,IL,60612,58.0,0.0,0.0,0.0,1,5,13,2003.0,1,8,1,5.0,30,1,1,1,1,1,1,1,1,0,2,3,15,6,6,2020,1.0,0,1,1,1,3,4
1478,70783,CHICAGO,IL,60612,58.0,0.0,0.0,0.0,1,1,4,2019.0,1,1,1,3.0,30,1,1,1,1,1,1,1,1,0,2,3,15,6,6,2020,1.0,0,1,1,1,3,4
1479,70784,CALUMET_CITY,IL,60409,52.0,0.0,0.0,0.0,1,-1,93,2010.0,4,1,1,1.0,30,1,1,1,1,1,1,1,1,0,2,3,15,6,6,2020,1.0,1,1,1,1,3,4
1480,70785,CALUMET_CITY,IL,60409,52.0,0.0,0.0,0.0,1,5,13,2003.0,1,8,1,5.0,30,1,1,1,1,1,1,1,1,0,2,3,15,6,6,2020,1.0,1,1,1,1,3,4
1481,70786,CALUMET_CITY,IL,60409,52.0,0.0,0.0,0.0,1,1,4,2019.0,1,1,1,3.0,30,1,1,1,1,1,1,1,1,0,2,3,15,6,6,2020,1.0,1,1,1,1,3,4
1482,70794,CHICAGO,IL,60637,49.0,-1.0,0.0,0.0,1,1,6,2011.0,1,1,10,2.0,30,1,1,1,2,11,1,1,1,0,1,2,23,5,6,2020,0.0,1,1,1,0,2,3
1483,70795,CHICAGO,IL,60637,49.0,-1.0,0.0,0.0,1,4,11,2018.0,1,3,1,1.0,30,1,1,1,2,11,1,1,1,0,1,2,23,5,6,2020,0.0,1,1,1,0,2,3
1486,70991,CHICAGO,IL,60612,18.0,0.0,8.0,0.0,1,35,336,2013.0,1,1,6,4.0,30,1,1,1,1,4,2,1,1,0,1,2,17,6,6,2020,0.0,1,1,0,0,2,3
1487,70992,CHICAGO,IL,60612,18.0,0.0,8.0,0.0,1,1,6,2018.0,1,1,3,9.0,30,1,1,1,1,4,2,1,1,0,1,2,17,6,6,2020,0.0,1,1,0,0,2,3
1488,70993,CHICAGO,IL,60620,23.0,0.0,0.0,0.0,1,35,336,2013.0,1,1,6,4.0,30,1,1,1,1,4,2,1,1,0,1,2,17,6,6,2020,0.0,1,1,0,0,2,3
1489,70994,CHICAGO,IL,60620,23.0,0.0,0.0,0.0,1,1,6,2018.0,1,1,3,9.0,30,1,1,1,1,4,2,1,1,0,1,2,17,6,6,2020,0.0,1,1,0,0,2,3
1490,71218,CHICAGO,IL,60653,68.0,0.0,0.0,0.0,1,14,1,2002.0,3,2,1,4.0,30,2,1,1,4,1,1,1,1,0,1,2,19,6,6,2020,0.0,1,1,1,0,1,3
1491,71328,UNKNOWN,XX,0,36.0,0.0,-1.0,0.0,1,8,15,2010.0,1,5,1,6.0,35,1,1,1,3,4,1,1,1,0,2,2,23,6,6,2020,1.0,1,1,1,1,3,4
1492,71329,CHICAGO,IL,60609,25.0,0.0,-1.0,0.0,1,4,1,2010.0,1,1,6,-1.0,35,1,1,1,3,4,1,1,1,0,2,2,23,6,6,2020,1.0,0,1,1,1,3,4
1493,71330,CHICAGO,IL,60609,25.0,0.0,-1.0,0.0,1,8,15,2010.0,1,5,1,6.0,35,1,1,1,3,4,1,1,1,0,2,2,23,6,6,2020,1.0,0,1,1,1,3,4
1494,71339,HARVEY,IL,60426,64.0,-1.0,1.0,0.0,1,-1,2,2010.0,-1,-1,-1,-1.0,30,1,1,1,2,5,1,1,1,0,1,2,23,6,6,2020,3.0,1,1,1,1,3,0
1495,71384,UNKNOWN,XX,0,36.9,0.0,8.0,0.0,1,12,32,2017.0,-1,3,1,1.0,35,1,1,1,2,9,1,1,1,0,2,2,0,7,6,2020,2.0,0,1,1,1,1,4
1496,71386,CHICAGO,IL,60623,29.0,0.0,5.0,2.0,1,12,32,2017.0,-1,3,1,1.0,35,1,1,1,2,9,1,1,1,0,2,2,0,7,6,2020,2.0,1,1,1,1,1,2
1497,71625,CHICAGO,IL,60634,27.0,0.0,0.0,0.0,1,20,134,2014.0,1,2,3,2.0,30,1,1,1,1,3,2,1,1,0,2,2,8,7,6,2020,0.0,1,1,1,1,3,3
1498,71744,EVERGREEN_PK,IL,60805,41.0,0.0,0.0,0.0,1,1,6,2007.0,1,3,1,4.0,30,1,1,1,1,2,0,1,1,0,1,2,9,7,6,2020,0.0,1,1,1,1,3,4
1499,72041,CHICAGO,IL,60629,30.0,0.0,0.0,0.0,1,3,64,2001.0,1,3,1,6.0,30,1,1,1,1,4,0,1,1,0,1,2,13,6,6,2020,0.0,1,1,1,0,2,3
1500,72062,CHICAGO,IL,60610,30.0,0.0,1.0,0.0,1,1,20,2016.0,1,2,1,3.0,30,2,2,1,1,1,4,1,1,0,4,2,15,7,6,2020,0.0,0,1,1,1,3,4
1501,72288,CHICAGO,IL,60639,27.0,0.0,0.0,0.0,1,10,26,2013.0,1,2,1,3.0,30,1,1,2,2,1,1,1,2,0,2,2,21,7,6,2020,0.0,0,1,1,1,3,4
1502,72595,CHICAGO,IL,60636,63.0,0.0,0.0,0.0,1,16,112,2008.0,1,4,1,3.0,30,2,1,2,1,1,12,1,2,0,2,2,12,7,4,2020,0.0,1,1,1,0,2,3
1503,72665,UNKNOWN,XX,0,36.0,-1.0,8.0,0.0,1,18,312,2008.0,1,2,-1,1.0,30,1,1,1,2,6,0,1,1,-1,1,2,21,7,5,2020,1.0,1,1,1,1,3,4
1504,72666,UNKNOWN,XX,0,36.0,-1.0,8.0,0.0,1,3,109,2010.0,1,4,-1,1.0,30,1,1,1,2,6,0,1,1,-1,1,2,21,7,5,2020,1.0,1,1,1,1,3,4
1505,72667,CHICAGO,IL,60628,35.0,0.0,-1.0,0.0,1,18,312,2008.0,1,2,-1,1.0,30,1,1,1,2,6,0,1,1,-1,1,2,21,7,5,2020,1.0,0,1,1,1,3,4
1506,72668,CHICAGO,IL,60628,35.0,0.0,-1.0,0.0,1,3,109,2010.0,1,4,-1,1.0,30,1,1,1,2,6,0,1,1,-1,1,2,21,7,5,2020,1.0,0,1,1,1,3,4
1507,72792,CHICAGO,IL,60617,52.0,0.0,0.0,0.0,1,1,252,2004.0,3,2,1,6.0,30,1,1,1,1,4,1,1,1,0,1,2,6,4,5,2020,0.0,1,1,1,0,2,3
1508,73027,CHICAGO,IL,60619,65.0,0.0,1.0,0.0,1,2,19,2011.0,1,4,1,4.0,35,2,1,2,2,10,0,1,2,0,4,2,22,5,5,2020,0.0,1,1,0,1,3,4
1509,73127,CHICAGO,IL,60618,37.0,0.0,0.0,0.0,1,3,57,2016.0,2,4,3,8.0,30,1,1,1,1,3,2,1,1,0,2,2,13,3,5,2020,0.0,1,1,1,1,3,4
1510,73128,CHICAGO,IL,60618,37.0,0.0,0.0,0.0,1,6,44,2001.0,2,4,1,4.0,30,1,1,1,1,3,2,1,1,0,2,2,13,3,5,2020,0.0,1,1,1,1,3,4
1511,73181,CHICAGO,IL,60618,36.9,0.0,-1.0,0.0,1,7,51,2016.0,1,3,1,1.0,30,1,1,1,2,1,2,1,1,-1,2,2,21,3,5,2020,2.0,0,1,1,1,3,4
1512,73182,CHICAGO,IL,60618,36.9,0.0,-1.0,0.0,1,1,6,2013.0,1,4,1,11.0,30,1,1,1,2,1,2,1,1,-1,2,2,21,3,5,2020,2.0,0,1,1,1,3,4
1513,73183,CHICAGO,IL,60616,25.0,0.0,-1.0,0.0,1,7,51,2016.0,1,3,1,1.0,30,1,1,1,2,1,2,1,1,-1,2,2,21,3,5,2020,2.0,1,1,1,1,3,4
1514,73184,CHICAGO,IL,60616,25.0,0.0,-1.0,0.0,1,1,6,2013.0,1,4,1,11.0,30,1,1,1,2,1,2,1,1,-1,2,2,21,3,5,2020,2.0,1,1,1,1,3,4
1515,73373,CHICAGO,IL,60637,36.0,0.0,2.0,0.0,1,15,1,2010.0,1,1,1,1.0,30,2,1,1,5,1,1,1,1,0,2,2,20,6,5,2020,1.0,1,1,1,1,3,4
1516,73374,CHICAGO,IL,60637,36.0,0.0,2.0,0.0,1,23,61,2005.0,1,2,1,6.0,30,2,1,1,5,1,1,1,1,0,2,2,20,6,5,2020,1.0,1,1,1,1,3,4
1517,73375,CHICAGO,IL,60637,26.0,0.0,0.0,0.0,1,15,1,2010.0,1,1,1,1.0,30,2,1,1,5,1,1,1,1,0,2,2,20,6,5,2020,1.0,0,1,1,1,3,4
1518,73376,CHICAGO,IL,60637,26.0,0.0,0.0,0.0,1,23,61,2005.0,1,2,1,6.0,30,2,1,1,5,1,1,1,1,0,2,2,20,6,5,2020,1.0,0,1,1,1,3,4
1519,73564,CHICAGO,IL,60636,25.0,0.0,0.0,0.0,1,27,62,2001.0,1,1,1,9.0,20,1,1,1,1,1,5,1,1,0,1,4,17,4,6,2020,0.0,0,1,1,1,3,4
1520,73565,CHICAGO,IL,60636,25.0,0.0,0.0,0.0,1,8,34,2020.0,2,1,1,11.0,20,1,1,1,1,1,5,1,1,0,1,4,17,4,6,2020,0.0,0,1,1,1,3,4
1521,73566,CHICAGO,IL,60636,25.0,0.0,0.0,0.0,1,36,192,2012.0,1,1,1,2.0,20,1,1,1,1,1,5,1,1,0,1,4,17,4,6,2020,0.0,0,1,1,1,3,4