,index,CITY,STATE,ZIPCODE,AGE,EJECTION,DRIVER_ACTION,BAC_RESULT,UNIT_TYPE,MAKE,MODEL,VEHICLE_YEAR,VEHICLE_TYPE,TRAVEL_DIRECTION,MANEUVER,FIRST_CONTACT_POINT,POSTED_SPEED_LIMIT,TRAFFIC_CONTROL_DEVICE,DEVICE_CONDITION,WEATHER_CONDITION,LIGHTING_CONDITION,FIRST_CRASH_TYPE,TRAFFICWAY_TYPE,ALIGNMENT,ROADWAY_SURFACE_COND,ROAD_DEFECT,STREET_DIRECTION,NUM_UNITS,CRASH_HOUR,CRASH_DAY_OF_WEEK,CRASH_MONTH,CRASH_YEAR,FATAL_DEGREE,SEX,INTERSECTION_RELATED,HIT_AND_RUN,REPORTYPE,DAMAGE_COST,FATAL_COND
1522,73568,CHICAGO,IL,60653,72.0,0.0,0.0,0.0,1,27,62,2001.0,1,1,1,9.0,20,1,1,1,1,1,5,1,1,0,1,4,17,4,6,2020,0.0,0,1,1,1,3,4
1523,73569,CHICAGO,IL,60653,72.0,0.0,0.0,0.0,1,8,34,2020.0,2,1,1,11.0,20,1,1,1,1,1,5,1,1,0,1,4,17,4,6,2020,0.0,0,1,1,1,3,4
1524,73570,CHICAGO,IL,60653,72.0,0.0,0.0,0.0,1,36,192,2012.0,1,1,1,2.0,20,1,1,1,1,1,5,1,1,0,1,4,17,4,6,2020,0.0,0,1,1,1,3,4
1525,73572,CHICAGO,IL,60641,31.0,0.0,0.0,0.0,1,27,62,2001.0,1,1,1,9.0,20,1,1,1,1,1,5,1,1,0,1,4,17,4,6,2020,0.0,0,1,1,1,3,4
1526,73573,CHICAGO,IL,60641,31.0,0.0,0.0,0.0,1,8,34,2020.0,2,1,1,11.0,20,1,1,1,1,1,5,1,1,0,1,4,17,4,6,2020,0.0,0,1,1,1,3,4
1527,73574,CHICAGO,IL,60641,31.0,0.0,0.0,0.0,1,36,192,2012.0,1,1,1,2.0,20,1,1,1,1,1,5,1,1,0,1,4,17,4,6,2020,0.0,0,1,1,1,3,4
1528,73583,CHICAGO,IL,60641,36.9,-1.0,-1.0,0.0,1,-1,2,2011.0,-1,3,1,-1.0,30,1,0,-1,3,3,3,1,-1,2,1,2,2,4,6,2020,2.0,0,0,1,1,1,4
1529,73584,CHICAGO,IL,60641,36.9,-1.0,-1.0,0.0,1,6,22,2010.0,3,3,1,-1.0,30,1,0,-1,3,3,3,1,-1,2,1,2,2,4,6,2020,2.0,0,0,1,1,1,4
1530,73585,DOLTON,IL,60419,32.0,-1.0,-1.0,0.0,1,-1,2,2011.0,-1,3,1,-1.0,30,1,0,-1,3,3,3,1,-1,2,1,2,2,4,6,2020,2.0,0,0,1,1,1,4
1531,73586,DOLTON,IL,60419,32.0,-1.0,-1.0,0.0,1,6,22,2010.0,3,3,1,-1.0,30,1,0,-1,3,3,3,1,-1,2,1,2,2,4,6,2020,2.0,0,0,1,1,1,4
1532,73679,ALGONQUIN,IL,60102,50.0,0.0,0.0,0.0,1,6,1,2019.0,4,1,4,6.0,45,1,1,1,1,2,1,1,1,0,1,2,20,7,6,2020,0.0,1,1,1,1,3,4
1533,73680,ALGONQUIN,IL,60102,50.0,0.0,0.0,0.0,1,5,7,2013.0,1,1,1,5.0,45,1,1,1,1,2,1,1,1,0,1,2,20,7,6,2020,0.0,1,1,1,1,3,4
1534,73904,CHICAGO,IL,60617,29.0,0.0,0.0,0.0,1,7,48,2014.0,1,1,1,4.0,45,1,1,1,2,2,0,1,1,0,1,2,21,4,6,2020,0.0,1,1,1,0,2,3
1535,73929,CHICAGO,IL,60652,44.0,0.0,4.0,0.0,1,1,255,2018.0,1,3,1,1.0,35,0,0,1,1,3,4,1,1,0,1,3,10,5,6,2020,2.0,1,1,0,1,3,4
1536,73930,CHICAGO,IL,60652,44.0,0.0,4.0,0.0,1,7,25,2007.0,1,3,1,8.0,35,0,0,1,1,3,4,1,1,0,1,3,10,5,6,2020,2.0,1,1,0,1,3,4
1537,73932,CHICAGO,IL,60620,57.0,0.0,0.0,0.0,1,1,255,2018.0,1,3,1,1.0,35,0,0,1,1,3,4,1,1,0,1,3,10,5,6,2020,2.0,1,1,0,1,3,4
1538,73933,CHICAGO,IL,60620,57.0,0.0,0.0,0.0,1,7,25,2007.0,1,3,1,8.0,35,0,0,1,1,3,4,1,1,0,1,3,10,5,6,2020,2.0,1,1,0,1,3,4
1539,73935,CHICAGO,IL,60620,36.9,0.0,3.0,0.0,1,1,255,2018.0,1,3,1,1.0,35,0,0,1,1,3,4,1,1,0,1,3,10,5,6,2020,2.0,1,1,0,1,3,2
1540,73936,CHICAGO,IL,60620,36.9,0.0,3.0,0.0,1,7,25,2007.0,1,3,1,8.0,35,0,0,1,1,3,4,1,1,0,1,3,10,5,6,2020,2.0,1,1,0,1,3,2
1541,73958,CHICAGO,IL,60620,79.0,0.0,0.0,0.0,1,4,11,2017.0,1,3,1,5.0,20,0,0,1,1,1,3,1,1,0,4,2,14,5,6,2020,2.0,0,1,1,1,3,4
1542,73959,CHICAGO,IL,60620,79.0,0.0,0.0,0.0,1,-1,1,2011.0,-1,4,1,1.0,20,0,0,1,1,1,3,1,1,0,4,2,14,5,6,2020,2.0,0,1,1,1,3,4
1543,73960,CHICAGO,XX,60620,36.9,0.0,-1.0,0.0,1,4,11,2017.0,1,3,1,5.0,20,0,0,1,1,1,3,1,1,0,4,2,14,5,6,2020,2.0,1,1,1,1,3,4
1544,73961,CHICAGO,XX,60620,36.9,0.0,-1.0,0.0,1,-1,1,2011.0,-1,4,1,1.0,20,0,0,1,1,1,3,1,1,0,4,2,14,5,6,2020,2.0,1,1,1,1,3,4
1545,73972,CHICAGO,IL,60619,36.0,-1.0,3.0,0.0,1,1,4,2011.0,1,2,1,1.0,30,2,1,1,1,1,1,1,1,0,1,2,16,5,6,2020,1.0,0,1,1,1,3,4
1546,73973,CHICAGO,IL,60619,36.0,-1.0,3.0,0.0,1,2,1,2014.0,3,1,1,3.0,30,2,1,1,1,1,1,1,1,0,1,2,16,5,6,2020,1.0,0,1,1,1,3,4
1547,73974,SOUTH_HOLLAND,IL,60473,57.0,0.0,0.0,0.0,1,1,4,2011.0,1,2,1,1.0,30,2,1,1,1,1,1,1,1,0,1,2,16,5,6,2020,1.0,1,1,1,1,3,4
1548,73975,SOUTH_HOLLAND,IL,60473,57.0,0.0,0.0,0.0,1,2,1,2014.0,3,1,1,3.0,30,2,1,1,1,1,1,1,1,0,1,2,16,5,6,2020,1.0,1,1,1,1,3,4
1549,74014,CHICAGO,IL,60612,37.0,0.0,2.0,0.0,1,4,5,2006.0,1,1,6,4.0,30,1,1,1,2,4,0,1,1,0,3,2,0,6,6,2020,0.0,0,1,0,1,3,3
1550,74015,CHICAGO,IL,60612,37.0,0.0,2.0,0.0,1,9,17,2019.0,1,1,9,5.0,30,1,1,1,2,4,0,1,1,0,3,2,0,6,6,2020,0.0,0,1,0,1,3,3
1551,74016,CHICAGO,IL,60640,32.0,0.0,0.0,0.0,1,4,5,2006.0,1,1,6,4.0,30,1,1,1,2,4,0,1,1,0,3,2,0,6,6,2020,0.0,0,1,0,1,3,3
1552,74017,CHICAGO,IL,60640,32.0,0.0,0.0,0.0,1,9,17,2019.0,1,1,9,5.0,30,1,1,1,2,4,0,1,1,0,3,2,0,6,6,2020,0.0,0,1,0,1,3,3
1553,74033,CHICAGO,IL,60640,53.0,0.0,0.0,0.0,1,3,40,2017.0,1,3,1,6.0,25,1,1,1,1,1,3,1,1,0,1,2,9,6,6,2020,0.0,1,1,1,0,1,3
1554,74143,CHICAGO,IL,60630,46.0,0.0,0.0,0.0,1,16,199,2017.0,1,2,1,2.0,30,1,1,1,1,3,0,1,1,0,2,2,18,6,6,2020,0.0,0,1,1,0,2,3
1555,74171,CHICAGO,IL,60630,38.0,0.0,6.0,0.0,1,17,52,2010.0,1,1,1,1.0,30,0,0,1,1,2,0,1,1,0,3,2,18,6,6,2020,3.0,1,0,1,0,3,4
1556,74172,CHICAGO,IL,60630,38.0,0.0,6.0,0.0,1,4,29,2017.0,1,3,2,11.0,30,0,0,1,1,2,0,1,1,0,3,2,18,6,6,2020,3.0,1,0,1,0,3,4
1557,74173,STORM_LAKE,IA,50588,24.0,0.0,0.0,0.0,1,17,52,2010.0,1,1,1,1.0,30,0,0,1,1,2,0,1,1,0,3,2,18,6,6,2020,3.0,0,0,1,0,3,4
1558,74174,STORM_LAKE,IA,50588,24.0,0.0,0.0,0.0,1,4,29,2017.0,1,3,2,11.0,30,0,0,1,1,2,0,1,1,0,3,2,18,6,6,2020,3.0,0,0,1,0,3,4
1559,74242,CHICAGO,IL,60629,34.0,0.0,0.0,0.0,1,1,6,2008.0,1,1,1,8.0,30,1,1,1,2,3,4,1,1,0,1,2,0,7,6,2020,0.0,1,1,1,1,2,3
1560,74265,MADISON,WI,53704,20.0,0.0,3.0,0.0,1,16,78,2002.0,1,4,1,1.0,30,2,1,1,1,1,0,1,1,0,1,4,18,6,6,2020,1.0,0,0,0,1,3,4
1561,74266,MADISON,WI,53704,20.0,0.0,3.0,0.0,1,9,17,2019.0,1,2,3,9.0,30,2,1,1,1,1,0,1,1,0,1,4,18,6,6,2020,1.0,0,0,0,1,3,4
1562,74267,MADISON,WI,53704,20.0,0.0,3.0,0.0,1,3,12,2009.0,1,4,1,11.0,30,2,1,1,1,1,0,1,1,0,1,4,18,6,6,2020,1.0,0,0,0,1,3,4
1563,74268,MADISON,WI,53704,20.0,0.0,3.0,0.0,1,2,8,2019.0,1,1,1,10.0,30,2,1,1,1,1,0,1,1,0,1,4,18,6,6,2020,1.0,0,0,0,1,3,4
1564,74269,CHICAGO,IL,60617,44.0,0.0,0.0,0.0,1,16,78,2002.0,1,4,1,1.0,30,2,1,1,1,1,0,1,1,0,1,4,18,6,6,2020,1.0,1,0,0,1,3,4
1565,74270,CHICAGO,IL,60617,44.0,0.0,0.0,0.0,1,9,17,2019.0,1,2,3,9.0,30,2,1,1,1,1,0,1,1,0,1,4,18,6,6,2020,1.0,1,0,0,1,3,4
1566,74271,CHICAGO,IL,60617,44.0,0.0,0.0,0.0,1,3,12,2009.0,1,4,1,11.0,30,2,1,1,1,1,0,1,1,0,1,4,18,6,6,2020,1.0,1,0,0,1,3,4
1567,74272,CHICAGO,IL,60617,44.0,0.0,0.0,0.0,1,2,8,2019.0,1,1,1,10.0,30,2,1,1,1,1,0,1,1,0,1,4,18,6,6,2020,1.0,1,0,0,1,3,4
1568,74273,CHICAGO,IL,60617,36.0,0.0,4.0,0.0,1,16,78,2002.0,1,4,1,1.0,30,2,1,1,1,1,0,1,1,0,1,4,18,6,6,2020,1.0,1,0,0,1,3,4
1569,74274,CHICAGO,IL,60617,36.0,0.0,4.0,0.0,1,9,17,2019.0,1,2,3,9.0,30,2,1,1,1,1,0,1,1,0,1,4,18,6,6,2020,1.0,1,0,0,1,3,4
1570,74275,CHICAGO,IL,60617,36.0,0.0,4.0,0.0,1,3,12,2009.0,1,4,1,11.0,30,2,1,1,1,1,0,1,1,0,1,4,18,6,6,2020,1.0,1,0,0,1,3,4
1571,74276,CHICAGO,IL,60617,36.0,0.0,4.0,0.0,1,2,8,2019.0,1,1,1,10.0,30,2,1,1,1,1,0,1,1,0,1,4,18,6,6,2020,1.0,1,0,0,1,3,4
1572,74277,CHICAGO,IL,60620,29.0,0.0,0.0,0.0,1,16,78,2002.0,1,4,1,1.0,30,2,1,1,1,1,0,1,1,0,1,4,18,6,6,2020,1.0,0,0,0,1,3,4
1573,74278,CHICAGO,IL,60620,29.0,0.0,0.0,0.0,1,9,17,2019.0,1,2,3,9.0,30,2,1,1,1,1,0,1,1,0,1,4,18,6,6,2020,1.0,0,0,0,1,3,4
1574,74279,CHICAGO,IL,60620,29.0,0.0,0.0,0.0,1,3,12,2009.0,1,4,1,11.0,30,2,1,1,1,1,0,1,1,0,1,4,18,6,6,2020,1.0,0,0,0,1,3,4
1575,74280,CHICAGO,IL,60620,29.0,0.0,0.0,0.0,1,2,8,2019.0,1,1,1,10.0,30,2,1,1,1,1,0,1,1,0,1,4,18,6,6,2020,1.0,0,0,0,1,3,4
1576,74310,CHICAGO,IL,60620,38.0,0.0,-1.0,0.0,1,3,302,2000.0,-1,3,1,1.0,30,1,1,1,2,1,0,1,1,0,1,2,1,7,6,2020,3.0,0,1,1,1,3,4
1577,74311,CHICAGO,IL,60620,38.0,0.0,-1.0,0.0,1,4,5,2017.0,1,2,1,3.0,30,1,1,1,2,1,0,1,1,0,1,2,1,7,6,2020,3.0,0,1,1,1,3,4
1578,74312,CHICAGO,IL,60628,21.0,0.0,-1.0,0.0,1,3,302,2000.0,-1,3,1,1.0,30,1,1,1,2,1,0,1,1,0,1,2,1,7,6,2020,3.0,0,1,1,1,3,4
1579,74313,CHICAGO,IL,60628,21.0,0.0,-1.0,0.0,1,4,5,2017.0,1,2,1,3.0,30,1,1,1,2,1,0,1,1,0,1,2,1,7,6,2020,3.0,0,1,1,1,3,4
1580,74410,CHICAGO,IL,60637,23.0,0.0,0.0,0.0,1,4,5,2016.0,1,1,1,3.0,30,1,1,1,1,2,4,1,1,0,1,2,13,7,6,2020,0.0,1,1,1,0,3,3
1581,74555,CHICAGO,IL,60608,42.0,0.0,0.0,0.0,1,1,1,2017.0,1,3,2,4.0,30,1,1,1,1,2,1,2,1,-1,1,2,15,7,6,2020,0.0,0,1,1,1,3,4
1582,74689,CHICAGO,IL,60608,38.0,0.0,6.0,0.0,1,14,184,2002.0,4,3,1,1.0,30,1,1,1,1,3,1,1,1,0,1,2,16,7,6,2020,3.0,1,1,1,1,3,4
1583,74690,CHICAGO,IL,60608,38.0,0.0,6.0,0.0,1,24,156,2016.0,1,3,1,2.0,30,1,1,1,1,3,1,1,1,0,1,2,16,7,6,2020,3.0,1,1,1,1,3,4
1584,74691,MADIISON,WI,53714,27.0,0.0,0.0,0.0,1,14,184,2002.0,4,3,1,1.0,30,1,1,1,1,3,1,1,1,0,1,2,16,7,6,2020,3.0,0,1,1,1,3,4
1585,74692,MADIISON,WI,53714,27.0,0.0,0.0,0.0,1,24,156,2016.0,1,3,1,2.0,30,1,1,1,1,3,1,1,1,0,1,2,16,7,6,2020,3.0,0,1,1,1,3,4
1586,74936,CHICAGO,IL,60650,21.0,1.0,0.0,0.0,1,15,1,2011.0,1,1,-1,1.0,30,-1,0,2,3,9,2,1,2,0,1,2,21,7,6,2020,2.0,1,1,1,1,3,2
1587,74967,CHICAGO,IL,60650,24.0,0.0,0.0,0.0,1,36,234,2006.0,1,3,1,2.0,30,1,1,2,2,3,0,1,2,0,3,2,22,7,6,2020,0.0,0,1,1,0,2,3
1588,75003,MOUNT_MORRIS,IL,61054,31.0,0.0,0.0,0.0,1,5,7,2009.0,1,2,1,1.0,30,0,0,2,3,1,5,1,2,0,2,2,23,7,6,2020,0.0,1,1,1,1,3,4
1589,75042,CHICAGO,IL,60623,24.0,0.0,0.0,0.0,1,6,41,2018.0,1,4,1,3.0,30,2,2,2,2,1,3,1,2,0,2,2,23,7,6,2020,0.0,1,1,1,1,3,3
1590,75118,UNKNOWN,XX,0,36.9,0.0,2.0,0.0,1,-1,2,2011.0,1,5,2,4.0,30,0,0,2,2,2,4,1,2,0,1,2,0,1,6,2020,2.0,0,1,1,1,2,4
1591,75119,UNKNOWN,XX,0,36.9,0.0,2.0,0.0,1,31,1,1999.0,6,7,1,1.0,30,0,0,2,2,2,4,1,2,0,1,2,0,1,6,2020,2.0,0,1,1,1,2,4
1592,75120,CHICAGO,IL,60638,34.0,1.0,0.0,0.0,1,-1,2,2011.0,1,5,2,4.0,30,0,0,2,2,2,4,1,2,0,1,2,0,1,6,2020,2.0,1,1,1,1,2,4
1593,75121,CHICAGO,IL,60638,34.0,1.0,0.0,0.0,1,31,1,1999.0,6,7,1,1.0,30,0,0,2,2,2,4,1,2,0,1,2,0,1,6,2020,2.0,1,1,1,1,2,4
1594,75187,DOLTON,IL,60419,25.0,0.0,0.0,0.0,1,17,1,2007.0,1,1,1,9.0,45,0,0,2,2,4,0,1,2,0,3,2,1,1,6,2020,0.0,1,0,1,0,2,3
1595,75189,UNKNOWN,XX,0,36.9,0.0,-1.0,0.0,1,3,28,2019.0,2,3,1,7.0,30,1,1,5,3,1,0,1,2,0,1,2,1,1,6,2020,2.0,0,1,1,1,3,4
1596,75190,CHICAGO,IL,60625,41.0,0.0,0.0,0.0,1,4,5,2011.0,1,4,1,1.0,30,1,1,5,3,1,0,1,2,0,1,2,1,1,6,2020,2.0,1,1,1,1,3,4
1597,75191,CHICAGO,IL,60625,41.0,0.0,0.0,0.0,1,3,28,2019.0,2,3,1,7.0,30,1,1,5,3,1,0,1,2,0,1,2,1,1,6,2020,2.0,1,1,1,1,3,4
1598,75329,CHICAGO,IL,60632,23.0,0.0,0.0,0.0,1,7,10,2016.0,1,1,3,1.0,30,1,0,2,3,6,2,1,2,0,1,2,0,1,6,2020,0.0,1,1,1,0,1,3
1599,75374,CHICAGO,IL,60632,49.0,0.0,0.0,0.0,1,7,87,2004.0,2,6,3,3.0,30,1,1,1,1,1,1,1,1,0,1,2,8,1,6,2020,0.0,1,1,1,1,3,3
1600,75413,UNKNOWN,XX,0,36.9,0.0,2.0,0.0,1,-1,1,2011.0,3,3,1,1.0,35,2,1,1,1,5,0,2,1,0,1,2,10,1,6,2020,2.0,0,1,1,1,1,4
1601,75415,CHICAGO,IL,60617,40.0,-1.0,0.0,2.0,1,-1,1,2011.0,3,3,1,1.0,35,2,1,1,1,5,0,2,1,0,1,2,10,1,6,2020,2.0,1,1,1,1,1,0
1602,75558,UNKNOWN,XX,0,36.0,-1.0,2.0,0.0,1,-1,88,2010.0,1,1,1,1.0,30,2,1,1,1,9,2,1,1,0,2,2,13,1,6,2020,1.0,1,1,1,1,2,4
1603,75560,CHICAGO,IL,60609,56.0,-1.0,-1.0,0.0,1,-1,88,2010.0,1,1,1,1.0,30,2,1,1,1,9,2,1,1,0,2,2,13,1,6,2020,1.0,1,1,1,1,2,2
1604,75858,CHICAGO,IL,60106,38.0,0.0,7.0,0.0,1,-1,1,2010.0,6,1,6,-1.0,30,0,0,1,1,4,0,1,2,0,1,2,16,1,6,2020,3.0,0,1,1,0,3,4
1605,75859,CHICAGO,IL,60106,38.0,0.0,7.0,0.0,1,24,1,2007.0,1,1,1,5.0,30,0,0,1,1,4,0,1,2,0,1,2,16,1,6,2020,3.0,0,1,1,0,3,4
1606,75860,CHICAGO,IL,60649,40.0,0.0,-1.0,0.0,1,-1,1,2010.0,6,1,6,-1.0,30,0,0,1,1,4,0,1,2,0,1,2,16,1,6,2020,3.0,1,1,1,0,3,4
1607,75861,CHICAGO,IL,60649,40.0,0.0,-1.0,0.0,1,24,1,2007.0,1,1,1,5.0,30,0,0,1,1,4,0,1,2,0,1,2,16,1,6,2020,3.0,1,1,1,0,3,4
1608,75951,CHICAGO,IL,60636,27.0,0.0,0.0,0.0,1,7,25,2018.0,1,1,1,5.0,35,1,1,1,1,1,5,1,1,0,2,2,17,1,6,2020,0.0,1,1,0,1,3,4
1609,76235,CHICAGO,IL,60624,36.9,0.0,-1.0,0.0,1,6,21,2018.0,1,4,1,1.0,30,1,1,1,3,6,0,1,1,0,4,2,22,1,6,2020,2.0,1,1,1,1,3,4
1610,76236,CHICAGO,IL,60624,36.9,0.0,-1.0,0.0,1,4,11,2018.0,1,2,1,1.0,30,1,1,1,3,6,0,1,1,0,4,2,22,1,6,2020,2.0,1,1,1,1,3,4
1611,76237,SOUTH_HOLLAND,IL,60473,56.0,0.0,0.0,0.0,1,6,21,2018.0,1,4,1,1.0,30,1,1,1,3,6,0,1,1,0,4,2,22,1,6,2020,2.0,1,1,1,1,3,4
1612,76238,SOUTH_HOLLAND,IL,60473,56.0,0.0,0.0,0.0,1,4,11,2018.0,1,2,1,1.0,30,1,1,1,3,6,0,1,1,0,4,2,22,1,6,2020,2.0,1,1,1,1,3,4
1613,76250,CHICAGO,IL,60643,26.0,0.0,0.0,0.0,1,4,100,2017.0,1,2,1,6.0,35,2,1,1,2,1,1,1,1,0,4,2,21,1,6,2020,0.0,0,1,1,0,3,3
1614,76296,WESTMONT,IL,60559,41.0,0.0,0.0,0.0,1,6,69,2008.0,1,1,1,1.0,30,1,1,1,2,1,-1,1,1,0,4,2,23,1,6,2020,0.0,1,1,1,1,3,4
1615,76297,WESTMONT,IL,60559,41.0,0.0,0.0,0.0,1,1,4,2018.0,1,2,1,6.0,30,1,1,1,2,1,-1,1,1,0,4,2,23,1,6,2020,0.0,1,1,1,1,3,4
1616,76322,CHICAGO,IL,60643,38.0,0.0,3.0,0.0,1,21,211,2016.0,1,4,1,3.0,30,1,1,1,2,1,4,1,1,0,1,2,0,2,6,2020,3.0,1,1,1,1,3,4
1617,76323,CHICAGO,IL,60643,38.0,0.0,3.0,0.0,1,4,33,2015.0,1,3,1,4.0,30,1,1,1,2,1,4,1,1,0,1,2,0,2,6,2020,3.0,1,1,1,1,3,4
1618,76324,CHICAGO,IL,60624,27.0,0.0,0.0,0.0,1,21,211,2016.0,1,4,1,3.0,30,1,1,1,2,1,4,1,1,0,1,2,0,2,6,2020,3.0,1,1,1,1,3,4
1619,76325,CHICAGO,IL,60624,27.0,0.0,0.0,0.0,1,4,33,2015.0,1,3,1,4.0,30,1,1,1,2,1,4,1,1,0,1,2,0,2,6,2020,3.0,1,1,1,1,3,4
1620,76476,CHICAGO,IL,60624,24.0,0.0,0.0,0.0,1,7,59,2017.0,1,4,1,5.0,30,2,1,1,1,1,0,1,1,0,2,2,6,2,6,2020,0.0,0,1,1,0,2,3
1621,76543,CHICAGO,IL,60624,36.0,0.0,-1.0,0.0,1,5,23,2019.0,9,1,1,6.0,30,1,1,1,2,1,0,1,1,0,2,2,3,2,6,2020,1.0,0,1,1,0,3,4
1622,76544,CHICAGO,IL,60624,36.0,0.0,-1.0,0.0,1,1,4,2005.0,1,2,1,1.0,30,1,1,1,2,1,0,1,1,0,2,2,3,2,6,2020,1.0,0,1,1,0,3,4
1623,76545,CHICAGO,IL,60644,29.0,0.0,1.0,0.0,1,5,23,2019.0,9,1,1,6.0,30,1,1,1,2,1,0,1,1,0,2,2,3,2,6,2020,1.0,0,1,1,0,3,4
1624,76546,CHICAGO,IL,60644,29.0,0.0,1.0,0.0,1,1,4,2005.0,1,2,1,1.0,30,1,1,1,2,1,0,1,1,0,2,2,3,2,6,2020,1.0,0,1,1,0,3,4
1625,76569,CHICAGO,IL,60624,28.0,0.0,10.0,0.0,1,20,94,2005.0,2,2,1,3.0,30,1,1,1,1,4,3,1,1,0,2,2,6,2,6,2020,1.0,1,1,1,1,3,4
1626,76570,CHICAGO,IL,60624,28.0,0.0,10.0,0.0,1,-1,2,2010.0,-1,-1,-1,1.0,30,1,1,1,1,4,3,1,1,0,2,2,6,2,6,2020,1.0,1,1,1,1,3,4
1627,76571,CHICAGO,IL,60624,36.0,0.0,-1.0,0.0,1,20,94,2005.0,2,2,1,3.0,30,1,1,1,1,4,3,1,1,0,2,2,6,2,6,2020,1.0,0,1,1,1,3,4
1628,76572,CHICAGO,IL,60624,36.0,0.0,-1.0,0.0,1,-1,2,2010.0,-1,-1,-1,1.0,30,1,1,1,1,4,3,1,1,0,2,2,6,2,6,2020,1.0,0,1,1,1,3,4
1629,76757,CHICAGO,IL,60629,17.0,0.0,0.0,0.0,1,2,8,2006.0,1,2,1,1.0,30,1,1,1,1,1,0,1,1,0,2,2,12,2,6,2020,0.0,0,1,1,1,3,4
1630,76958,CHICAGO,IL,60644,42.0,0.0,0.0,0.0,1,2,82,2001.0,2,4,1,6.0,35,1,1,1,1,4,2,1,1,0,1,2,14,7,6,2020,0.0,1,1,1,0,3,3
1631,76959,CHICAGO,IL,60644,42.0,0.0,0.0,0.0,1,2,180,2007.0,1,4,1,5.0,35,1,1,1,1,4,2,1,1,0,1,2,14,7,6,2020,0.0,1,1,1,0,3,3
1632,77187,CHICAGO,IL,60615,38.0,0.0,1.0,0.0,1,3,3,2012.0,1,3,1,9.0,30,1,1,1,1,2,1,1,1,0,1,2,16,2,6,2020,3.0,1,1,1,1,3,4
1633,77188,CHICAGO,IL,60632,21.0,0.0,0.0,0.0,1,-1,2,2010.0,2,1,2,3.0,30,1,1,1,1,2,1,1,1,0,1,2,16,2,6,2020,3.0,0,1,1,1,3,4
1634,77189,CHICAGO,IL,60632,21.0,0.0,0.0,0.0,1,3,3,2012.0,1,3,1,9.0,30,1,1,1,1,2,1,1,1,0,1,2,16,2,6,2020,3.0,0,1,1,1,3,4
1635,77268,CHICAGO,IL,60647,47.0,0.0,0.0,0.0,1,5,23,2017.0,2,3,3,2.0,30,2,1,2,1,3,0,1,2,0,3,2,16,2,6,2020,0.0,0,1,1,0,3,3
1636,77290,HICKRY_HILL,IL,60457,36.0,0.0,0.0,0.0,1,17,52,2018.0,1,2,1,1.0,30,0,0,1,1,1,0,1,1,0,1,2,16,2,6,2020,0.0,0,1,1,0,3,3
1637,77614,CHICAGO,IL,60628,68.0,-1.0,12.0,0.0,1,4,18,2011.0,1,1,1,-1.0,30,0,0,2,2,5,0,1,2,-1,3,2,20,2,6,2020,2.0,0,1,1,1,1,0
1638,77638,CHICAGO,IL,60628,36.9,-1.0,-1.0,0.0,1,-1,2,2011.0,1,4,1,-1.0,30,2,-1,2,3,5,0,1,2,-1,1,2,21,2,6,2020,2.0,1,1,1,1,3,4
1639,77640,CHICAGO,IL,60628,51.0,-1.0,-1.0,0.0,1,-1,2,2011.0,1,4,1,-1.0,30,2,-1,2,3,5,0,1,2,-1,1,2,21,2,6,2020,2.0,0,1,1,1,3,0
1640,77894,CHICAGO,IL,60639,51.0,0.0,0.0,0.0,1,37,1,2019.0,7,2,1,-1.0,20,3,1,1,1,7,0,1,1,0,2,2,10,3,6,2020,0.0,0,0,1,0,3,3
1641,77922,CHICAGO,IL,60641,44.0,0.0,1.0,0.0,1,6,56,2017.0,1,3,1,5.0,30,1,1,1,1,1,0,1,1,0,1,2,10,3,6,2020,0.0,1,1,1,0,3,3
1642,78310,OAK_LAWN,IL,60453,39.0,0.0,0.0,0.0,1,3,3,2002.0,1,2,3,10.0,30,1,1,1,1,3,0,2,1,0,2,2,16,2,6,2020,0.0,1,1,1,0,3,3
1643,78648,CHICAGO,IL,60620,36.0,0.0,3.0,0.0,1,3,109,2017.0,1,2,1,1.0,30,1,1,1,2,1,4,1,1,0,1,2,19,3,6,2020,1.0,1,1,1,0,3,4
1644,78649,CHICAGO,IL,60620,36.0,0.0,3.0,0.0,1,18,105,2008.0,1,3,1,6.0,30,1,1,1,2,1,4,1,1,0,1,2,19,3,6,2020,1.0,1,1,1,0,3,4
1645,78650,CHICAGO,IL,60620,36.0,0.0,3.0,0.0,1,3,109,2017.0,1,2,1,1.0,30,1,1,1,2,1,4,1,1,0,1,2,19,3,6,2020,1.0,1,1,1,0,3,4