,index,CITY,STATE,ZIPCODE,AGE,EJECTION,DRIVER_ACTION,BAC_RESULT,UNIT_TYPE,MAKE,MODEL,VEHICLE_YEAR,VEHICLE_TYPE,TRAVEL_DIRECTION,MANEUVER,FIRST_CONTACT_POINT,POSTED_SPEED_LIMIT,TRAFFIC_CONTROL_DEVICE,DEVICE_CONDITION,WEATHER_CONDITION,LIGHTING_CONDITION,FIRST_CRASH_TYPE,TRAFFICWAY_TYPE,ALIGNMENT,ROADWAY_SURFACE_COND,ROAD_DEFECT,STREET_DIRECTION,NUM_UNITS,CRASH_HOUR,CRASH_DAY_OF_WEEK,CRASH_MONTH,CRASH_YEAR,FATAL_DEGREE,SEX,INTERSECTION_RELATED,HIT_AND_RUN,REPORTYPE,DAMAGE_COST,FATAL_COND
1772,82756,CHICAGO,IL,60620,42.0,0.0,0.0,0.0,1,2,9,2004.0,1,2,2,1.0,30,1,1,2,3,2,1,1,2,0,1,4,21,6,6,2020,0.0,1,1,0,1,3,3
1773,82758,CHICAGO,IL,60615,27.0,0.0,0.0,0.0,1,5,13,2013.0,1,3,4,5.0,30,1,1,2,3,2,1,1,2,0,1,4,21,6,6,2020,0.0,0,1,0,1,3,3
1774,82759,CHICAGO,IL,60615,27.0,0.0,0.0,0.0,1,6,22,2017.0,1,4,1,12.0,30,1,1,2,3,2,1,1,2,0,1,4,21,6,6,2020,0.0,0,1,0,1,3,3
1775,82760,CHICAGO,IL,60615,27.0,0.0,0.0,0.0,1,2,9,2004.0,1,2,2,1.0,30,1,1,2,3,2,1,1,2,0,1,4,21,6,6,2020,0.0,0,1,0,1,3,3
1776,82761,CHICAGO,IL,60615,27.0,0.0,0.0,0.0,1,7,10,2019.0,1,2,-1,5.0,30,1,1,2,3,2,1,1,2,0,1,4,21,6,6,2020,0.0,0,1,0,1,3,3
1777,82823,CHICAGO,IL,60651,31.0,0.0,0.0,0.0,1,4,1,2010.0,1,1,1,9.0,30,2,1,1,2,1,1,1,2,0,1,2,0,7,6,2020,0.0,0,1,1,1,3,3
1778,82920,BELLWOOD,IL,60104,30.0,0.0,0.0,0.0,1,22,66,2016.0,2,3,1,3.0,30,1,1,1,2,1,1,1,1,0,3,2,4,7,6,2020,0.0,0,1,1,1,3,4
1779,82955,CHICAGO,IL,60651,36.9,0.0,4.0,0.0,1,13,166,2004.0,1,3,3,1.0,30,1,1,1,1,3,1,1,1,0,3,2,13,6,6,2020,2.0,1,0,1,1,3,4
1780,82956,CHICAGO,IL,60651,36.9,0.0,4.0,0.0,1,2,49,2015.0,3,3,3,2.0,30,1,1,1,1,3,1,1,1,0,3,2,13,6,6,2020,2.0,1,0,1,1,3,4
1781,82957,CHICAGO,IL,60634,61.0,0.0,0.0,0.0,1,13,166,2004.0,1,3,3,1.0,30,1,1,1,1,3,1,1,1,0,3,2,13,6,6,2020,2.0,1,0,1,1,3,4
1782,82958,CHICAGO,IL,60634,61.0,0.0,0.0,0.0,1,2,49,2015.0,3,3,3,2.0,30,1,1,1,1,3,1,1,1,0,3,2,13,6,6,2020,2.0,1,0,1,1,3,4
1783,83154,CHICAGO,IL,60619,25.0,0.0,14.0,0.0,1,1,76,2011.0,2,1,3,4.0,30,1,1,1,1,4,2,1,1,0,1,2,12,7,6,2020,0.0,0,1,0,0,2,3
1784,83155,CHICAGO,IL,60619,25.0,0.0,14.0,0.0,1,6,21,2019.0,1,1,1,5.0,30,1,1,1,1,4,2,1,1,0,1,2,12,7,6,2020,0.0,0,1,0,0,2,3
1785,83156,CHICAGO,IL,60620,68.0,0.0,0.0,0.0,1,1,76,2011.0,2,1,3,4.0,30,1,1,1,1,4,2,1,1,0,1,2,12,7,6,2020,0.0,1,1,0,0,2,3
1786,83157,CHICAGO,IL,60620,68.0,0.0,0.0,0.0,1,6,21,2019.0,1,1,1,5.0,30,1,1,1,1,4,2,1,1,0,1,2,12,7,6,2020,0.0,1,1,0,0,2,3
1787,83217,CHICAGO,IL,60628,53.0,0.0,0.0,0.0,1,20,134,2014.0,1,-1,1,3.0,10,1,1,1,1,1,13,1,1,0,2,2,12,7,6,2020,0.0,0,1,1,0,2,3
1788,83258,CHICAGO,IL,60639,51.0,0.0,0.0,0.0,1,12,32,2016.0,1,3,8,4.0,35,1,1,1,1,4,1,1,1,0,3,2,12,7,6,2020,0.0,1,1,0,0,3,3
1789,83259,CHICAGO,IL,60639,51.0,0.0,0.0,0.0,1,3,3,2009.0,1,3,3,3.0,35,1,1,1,1,4,1,1,1,0,3,2,12,7,6,2020,0.0,1,1,0,0,3,3
1790,83421,DIXMOOR,IL,60426,43.0,0.0,0.0,0.0,1,4,33,2012.0,1,8,1,7.0,30,0,0,1,1,3,2,1,1,0,1,3,14,7,6,2020,0.0,0,1,1,1,2,3
1791,83422,DIXMOOR,IL,60426,43.0,0.0,0.0,0.0,1,6,157,2016.0,1,8,1,1.0,30,0,0,1,1,3,2,1,1,0,1,3,14,7,6,2020,0.0,0,1,1,1,2,3
1792,83424,CHICAGO,IL,60632,29.0,0.0,4.0,0.0,1,4,33,2012.0,1,8,1,7.0,30,0,0,1,1,3,2,1,1,0,1,3,14,7,6,2020,0.0,0,1,1,1,2,3
1793,83425,CHICAGO,IL,60632,29.0,0.0,4.0,0.0,1,6,157,2016.0,1,8,1,1.0,30,0,0,1,1,3,2,1,1,0,1,3,14,7,6,2020,0.0,0,1,1,1,2,3
1794,83910,UNKNOWN,XX,0,36.0,0.0,-1.0,0.0,1,1,4,1998.0,1,4,1,1.0,30,1,1,3,1,3,5,1,1,0,2,2,15,6,6,2020,1.0,0,1,1,0,2,4
1795,83911,UNKNOWN,XX,0,36.0,0.0,-1.0,0.0,1,3,64,2011.0,3,4,3,2.0,30,1,1,3,1,3,5,1,1,0,2,2,15,6,6,2020,1.0,0,1,1,0,2,4
1796,83912,CHICAGO,IL,60652,48.0,0.0,0.0,0.0,1,1,4,1998.0,1,4,1,1.0,30,1,1,3,1,3,5,1,1,0,2,2,15,6,6,2020,1.0,0,1,1,0,2,4
1797,83913,CHICAGO,IL,60652,48.0,0.0,0.0,0.0,1,3,64,2011.0,3,4,3,2.0,30,1,1,3,1,3,5,1,1,0,2,2,15,6,6,2020,1.0,0,1,1,0,2,4
1798,84020,COUNTRY_CLUB_HILLS,IL,60478,30.0,0.0,0.0,0.0,1,2,8,2016.0,1,1,3,2.0,35,0,0,1,3,3,0,1,1,0,1,2,21,7,6,2020,0.0,0,0,1,0,2,3
1799,84109,UNKNOWN,XX,0,36.9,0.0,-1.0,0.0,1,-1,2,2011.0,2,1,1,-1.0,30,0,0,1,2,5,0,1,1,0,3,2,0,1,6,2020,2.0,0,1,1,1,3,4
1800,84111,CHICAGO,IL,60621,21.0,-1.0,-1.0,0.0,1,-1,2,2011.0,2,1,1,-1.0,30,0,0,1,2,5,0,1,1,0,3,2,0,1,6,2020,2.0,1,1,1,1,3,0
1801,84203,BOLINGBROOK,IL,60440,38.0,0.0,-1.0,0.0,1,5,23,2004.0,1,8,1,1.0,30,1,1,1,3,3,0,1,1,0,1,2,3,1,6,2020,3.0,1,1,0,1,3,4
1802,84204,BOLINGBROOK,IL,60440,38.0,0.0,-1.0,0.0,1,5,13,1996.0,1,8,1,2.0,30,1,1,1,3,3,0,1,1,0,1,2,3,1,6,2020,3.0,1,1,0,1,3,4
1803,84205,CHICAGO,IL,60639,30.0,0.0,0.0,0.0,1,5,23,2004.0,1,8,1,1.0,30,1,1,1,3,3,0,1,1,0,1,2,3,1,6,2020,3.0,1,1,0,1,3,4
1804,84206,CHICAGO,IL,60639,30.0,0.0,0.0,0.0,1,5,13,1996.0,1,8,1,2.0,30,1,1,1,3,3,0,1,1,0,1,2,3,1,6,2020,3.0,1,1,0,1,3,4
1805,84539,CHICAGO,IL,60619,28.0,0.0,2.0,0.0,1,4,187,2007.0,1,1,3,1.0,30,1,1,1,1,3,0,1,1,0,3,2,12,1,6,2020,0.0,0,1,0,1,2,3
1806,84540,CHICAGO,IL,60619,28.0,0.0,2.0,0.0,1,6,1,2014.0,1,1,3,2.0,30,1,1,1,1,3,0,1,1,0,3,2,12,1,6,2020,0.0,0,1,0,1,2,3
1807,84541,CHICAGO,IL,60634,33.0,0.0,0.0,0.0,1,4,187,2007.0,1,1,3,1.0,30,1,1,1,1,3,0,1,1,0,3,2,12,1,6,2020,0.0,1,1,0,1,2,3
1808,84542,CHICAGO,IL,60634,33.0,0.0,0.0,0.0,1,6,1,2014.0,1,1,3,2.0,30,1,1,1,1,3,0,1,1,0,3,2,12,1,6,2020,0.0,1,1,0,1,2,3
1809,84795,CHICAGO,IL,60632,20.0,0.0,0.0,0.0,1,7,25,2016.0,1,4,2,2.0,30,0,0,1,1,3,0,1,1,0,1,3,16,1,6,2020,0.0,1,1,1,1,2,3
1810,84866,UNKNOWN,XX,0,38.0,1.0,2.0,0.0,1,8,16,2019.0,1,2,6,1.0,30,0,0,1,1,2,0,1,1,0,2,2,16,1,6,2020,3.0,1,1,1,1,3,4
1811,84867,UNKNOWN,XX,0,38.0,1.0,2.0,0.0,1,10,26,2010.0,1,2,2,3.0,30,0,0,1,1,2,0,1,1,0,2,2,16,1,6,2020,3.0,1,1,1,1,3,4
1812,84868,CARPENTERSVILLE,IL,60110,29.0,0.0,0.0,0.0,1,8,16,2019.0,1,2,6,1.0,30,0,0,1,1,2,0,1,1,0,2,2,16,1,6,2020,3.0,0,1,1,1,3,4
1813,84869,CARPENTERSVILLE,IL,60110,29.0,0.0,0.0,0.0,1,10,26,2010.0,1,2,2,3.0,30,0,0,1,1,2,0,1,1,0,2,2,16,1,6,2020,3.0,0,1,1,1,3,4
1814,84947,CHICAGO,IL,60612,32.0,0.0,0.0,0.0,1,4,18,2014.0,1,2,1,6.0,30,1,1,1,1,1,0,1,1,0,2,2,18,1,6,2020,0.0,0,1,1,0,2,3
1815,84953,CHICAGO,IL,60653,62.0,0.0,0.0,0.0,1,20,134,2015.0,1,1,1,3.0,30,1,1,1,1,1,3,1,1,0,3,2,17,1,6,2020,0.0,1,1,1,1,3,3
1816,85292,MAYWOOD,IL,60153,36.0,0.0,0.0,0.0,2,15,131,2004.0,1,-1,5,2.0,30,2,1,1,5,1,1,1,1,0,1,3,4,2,6,2020,1.0,0,1,0,1,3,4
1817,85293,MAYWOOD,IL,60153,36.0,0.0,0.0,0.0,3,7,87,2015.0,1,3,1,1.0,30,2,1,1,5,1,1,1,1,0,1,3,4,2,6,2020,1.0,0,1,0,1,3,4
1818,85294,MAYWOOD,IL,60153,36.0,0.0,0.0,0.0,1,4,5,2019.0,1,4,1,-1.0,30,2,1,1,5,1,1,1,1,0,1,3,4,2,6,2020,1.0,0,1,0,1,3,4
1819,85330,CHICAGO,IL,60621,35.0,-1.0,0.0,0.0,1,-1,2,2011.0,-1,-1,-1,-1.0,30,1,-1,1,3,5,0,1,-1,-1,1,2,1,2,6,2020,2.0,1,1,1,1,3,0
1820,85393,UNKNOWN,XX,0,36.0,0.0,3.0,0.0,1,16,316,1999.0,1,3,2,1.0,30,1,1,1,1,2,4,1,1,0,1,2,5,2,6,2020,1.0,0,1,1,1,3,4
1821,85394,UNKNOWN,XX,0,36.0,0.0,3.0,0.0,1,1,6,2008.0,-1,2,1,-1.0,30,1,1,1,1,2,4,1,1,0,1,2,5,2,6,2020,1.0,0,1,1,1,3,4
1822,85395,CHICAGO,IL,60623,50.0,0.0,0.0,0.0,1,16,316,1999.0,1,3,2,1.0,30,1,1,1,1,2,4,1,1,0,1,2,5,2,6,2020,1.0,1,1,1,1,3,4
1823,85396,CHICAGO,IL,60623,50.0,0.0,0.0,0.0,1,1,6,2008.0,-1,2,1,-1.0,30,1,1,1,1,2,4,1,1,0,1,2,5,2,6,2020,1.0,1,1,1,1,3,4
1824,85409,CHICAGO,IL,60610,15.0,2.0,0.0,0.0,1,-1,1,2011.0,1,3,1,-1.0,30,0,0,1,1,9,0,1,1,0,3,2,16,1,6,2020,2.0,1,1,1,0,1,2
1825,85413,UNKNOWN,XX,0,36.9,0.0,2.0,0.0,1,12,153,2017.0,1,1,7,1.0,30,1,1,1,2,9,0,1,1,0,3,2,21,1,6,2020,2.0,0,1,1,0,3,4
1826,85415,CHICAGO,IL,60613,32.0,0.0,0.0,0.0,1,12,153,2017.0,1,1,7,1.0,30,1,1,1,2,9,0,1,1,0,3,2,21,1,6,2020,2.0,0,1,1,0,3,2
1827,85692,CHICAGO,IL,60652,37.0,0.0,1.0,0.0,1,1,27,2019.0,2,2,2,6.0,30,1,1,1,1,2,1,1,1,0,2,2,12,2,6,2020,0.0,1,1,1,1,3,4
1828,85799,UNKNOWN,XX,0,38.0,0.0,2.0,0.0,1,7,51,2007.0,-1,4,1,1.0,25,1,1,1,5,1,0,1,1,-1,2,2,14,2,6,2020,3.0,0,1,1,0,3,4
1829,85800,UNKNOWN,XX,0,38.0,0.0,2.0,0.0,1,7,10,2010.0,-1,4,1,1.0,25,1,1,1,5,1,0,1,1,-1,2,2,14,2,6,2020,3.0,0,1,1,0,3,4
1830,85801,UNKNOWN,XX,0,38.0,0.0,2.0,0.0,1,9,37,2010.0,1,3,1,5.0,25,1,1,1,5,1,0,1,1,-1,2,2,14,2,6,2020,3.0,0,1,1,0,3,4
1831,85802,UNKNOWN,XX,0,38.0,0.0,2.0,0.0,1,9,37,2010.0,1,3,1,5.0,25,1,1,1,5,1,0,1,1,-1,2,2,14,2,6,2020,3.0,0,1,1,0,3,4
1832,85803,CHICAGO,IL,60615,28.0,0.0,0.0,0.0,1,7,51,2007.0,-1,4,1,1.0,25,1,1,1,5,1,0,1,1,-1,2,2,14,2,6,2020,3.0,0,1,1,0,3,4
1833,85804,CHICAGO,IL,60615,28.0,0.0,0.0,0.0,1,7,10,2010.0,-1,4,1,1.0,25,1,1,1,5,1,0,1,1,-1,2,2,14,2,6,2020,3.0,0,1,1,0,3,4
1834,85805,CHICAGO,IL,60615,28.0,0.0,0.0,0.0,1,9,37,2010.0,1,3,1,5.0,25,1,1,1,5,1,0,1,1,-1,2,2,14,2,6,2020,3.0,0,1,1,0,3,4
1835,85806,CHICAGO,IL,60615,28.0,0.0,0.0,0.0,1,9,37,2010.0,1,3,1,5.0,25,1,1,1,5,1,0,1,1,-1,2,2,14,2,6,2020,3.0,0,1,1,0,3,4
1836,85807,UNKNOWN,XX,0,38.0,0.0,2.0,0.0,1,7,51,2007.0,-1,4,1,1.0,25,1,1,1,5,1,0,1,1,-1,2,2,14,2,6,2020,3.0,0,1,1,0,3,4
1837,85808,UNKNOWN,XX,0,38.0,0.0,2.0,0.0,1,7,10,2010.0,-1,4,1,1.0,25,1,1,1,5,1,0,1,1,-1,2,2,14,2,6,2020,3.0,0,1,1,0,3,4
1838,85809,UNKNOWN,XX,0,38.0,0.0,2.0,0.0,1,9,37,2010.0,1,3,1,5.0,25,1,1,1,5,1,0,1,1,-1,2,2,14,2,6,2020,3.0,0,1,1,0,3,4
1839,85810,UNKNOWN,XX,0,38.0,0.0,2.0,0.0,1,9,37,2010.0,1,3,1,5.0,25,1,1,1,5,1,0,1,1,-1,2,2,14,2,6,2020,3.0,0,1,1,0,3,4
1840,85811,CHICAGO,IL,60615,28.0,0.0,0.0,0.0,1,7,51,2007.0,-1,4,1,1.0,25,1,1,1,5,1,0,1,1,-1,2,2,14,2,6,2020,3.0,0,1,1,0,3,4
1841,85812,CHICAGO,IL,60615,28.0,0.0,0.0,0.0,1,7,10,2010.0,-1,4,1,1.0,25,1,1,1,5,1,0,1,1,-1,2,2,14,2,6,2020,3.0,0,1,1,0,3,4
1842,85813,CHICAGO,IL,60615,28.0,0.0,0.0,0.0,1,9,37,2010.0,1,3,1,5.0,25,1,1,1,5,1,0,1,1,-1,2,2,14,2,6,2020,3.0,0,1,1,0,3,4
1843,85814,CHICAGO,IL,60615,28.0,0.0,0.0,0.0,1,9,37,2010.0,1,3,1,5.0,25,1,1,1,5,1,0,1,1,-1,2,2,14,2,6,2020,3.0,0,1,1,0,3,4
1844,86297,UNKNOWN,XX,0,36.9,0.0,2.0,0.0,1,18,194,2011.0,1,1,1,1.0,30,1,1,1,1,3,0,1,2,-1,1,3,17,2,6,2020,2.0,0,1,1,0,3,4
1845,86298,UNKNOWN,XX,0,36.9,0.0,2.0,0.0,1,20,253,2016.0,1,1,3,2.0,30,1,1,1,1,3,0,1,2,-1,1,3,17,2,6,2020,2.0,0,1,1,0,3,4
1846,86299,UNKNOWN,XX,0,36.9,0.0,2.0,0.0,1,24,262,2020.0,1,1,3,2.0,30,1,1,1,1,3,0,1,2,-1,1,3,17,2,6,2020,2.0,0,1,1,0,3,4
1847,86300,MATTESON,IL,60443,32.0,0.0,0.0,0.0,1,18,194,2011.0,1,1,1,1.0,30,1,1,1,1,3,0,1,2,-1,1,3,17,2,6,2020,2.0,1,1,1,0,3,4
1848,86301,MATTESON,IL,60443,32.0,0.0,0.0,0.0,1,20,253,2016.0,1,1,3,2.0,30,1,1,1,1,3,0,1,2,-1,1,3,17,2,6,2020,2.0,1,1,1,0,3,4
1849,86302,MATTESON,IL,60443,32.0,0.0,0.0,0.0,1,24,262,2020.0,1,1,3,2.0,30,1,1,1,1,3,0,1,2,-1,1,3,17,2,6,2020,2.0,1,1,1,0,3,4
1850,86303,CHICAGO,IL,60616,24.0,0.0,0.0,0.0,1,18,194,2011.0,1,1,1,1.0,30,1,1,1,1,3,0,1,2,-1,1,3,17,2,6,2020,2.0,0,1,1,0,3,4
1851,86304,CHICAGO,IL,60616,24.0,0.0,0.0,0.0,1,20,253,2016.0,1,1,3,2.0,30,1,1,1,1,3,0,1,2,-1,1,3,17,2,6,2020,2.0,0,1,1,0,3,4
1852,86305,CHICAGO,IL,60616,24.0,0.0,0.0,0.0,1,24,262,2020.0,1,1,3,2.0,30,1,1,1,1,3,0,1,2,-1,1,3,17,2,6,2020,2.0,0,1,1,0,3,4
1853,86394,BARRINGTON,IL,60010,25.0,0.0,0.0,0.0,1,23,182,2010.0,1,4,1,4.0,30,1,1,1,1,2,0,1,1,0,2,2,18,2,6,2020,0.0,0,1,1,0,2,3
1854,86458,UNKNOWN,XX,0,36.9,-1.0,-1.0,0.0,1,3,3,2012.0,1,1,1,2.0,30,2,-1,-1,-1,3,3,1,-1,-1,3,2,17,2,6,2020,2.0,0,1,1,0,3,4
1855,86460,UNKNOWN,XX,0,36.9,0.0,-1.0,0.0,1,3,3,2012.0,1,1,1,2.0,30,2,-1,-1,-1,3,3,1,-1,-1,3,2,17,2,6,2020,2.0,1,1,1,0,3,4
1856,86559,UNKNOWN,XX,0,36.9,0.0,-1.0,0.0,1,-1,2,2011.0,-1,1,2,3.0,25,-1,-1,2,4,5,1,1,2,0,1,2,17,2,6,2020,2.0,1,1,1,1,1,4
1857,86561,CHICAGO,IL,60620,61.0,-1.0,0.0,2.0,1,-1,2,2011.0,-1,1,2,3.0,25,-1,-1,2,4,5,1,1,2,0,1,2,17,2,6,2020,2.0,1,1,1,1,1,0
1858,86565,UNKNOWN,XX,0,38.0,-1.0,-1.0,0.0,1,2,24,2012.0,1,4,1,-1.0,30,1,1,1,2,1,2,1,1,0,2,3,23,2,6,2020,3.0,0,1,1,1,3,4
1859,86567,UNKNOWN,XX,0,38.0,-1.0,-1.0,0.0,1,1,6,2004.0,1,4,1,-1.0,30,1,1,1,2,1,2,1,1,0,2,3,23,2,6,2020,3.0,0,1,1,1,3,4
1860,86568,CHICAGO,IL,60637,30.0,0.0,1.0,0.0,1,2,24,2012.0,1,4,1,-1.0,30,1,1,1,2,1,2,1,1,0,2,3,23,2,6,2020,3.0,1,1,1,1,3,4
1861,86569,CHICAGO,IL,60637,30.0,0.0,1.0,0.0,1,-1,1,2010.0,-1,-1,-1,-1.0,30,1,1,1,2,1,2,1,1,0,2,3,23,2,6,2020,3.0,1,1,1,1,3,4
1862,86570,CHICAGO,IL,60637,30.0,0.0,1.0,0.0,1,1,6,2004.0,1,4,1,-1.0,30,1,1,1,2,1,2,1,1,0,2,3,23,2,6,2020,3.0,1,1,1,1,3,4
1863,86571,CALUMET_CITY,IL,60409,48.0,0.0,-1.0,0.0,1,2,24,2012.0,1,4,1,-1.0,30,1,1,1,2,1,2,1,1,0,2,3,23,2,6,2020,3.0,1,1,1,1,3,4
1864,86572,CALUMET_CITY,IL,60409,48.0,0.0,-1.0,0.0,1,-1,1,2010.0,-1,-1,-1,-1.0,30,1,1,1,2,1,2,1,1,0,2,3,23,2,6,2020,3.0,1,1,1,1,3,4
1865,86573,CALUMET_CITY,IL,60409,48.0,0.0,-1.0,0.0,1,1,6,2004.0,1,4,1,-1.0,30,1,1,1,2,1,2,1,1,0,2,3,23,2,6,2020,3.0,1,1,1,1,3,4
1866,86793,CHICAGO,IL,60637,39.0,0.0,0.0,0.0,1,18,91,2011.0,2,1,1,4.0,30,1,1,1,1,4,0,1,1,0,3,2,10,3,6,2020,0.0,1,1,1,0,2,3
1867,86856,CHICAGO,IL,60649,36.0,0.0,5.0,0.0,1,19,124,2005.0,1,2,1,3.0,30,0,0,1,1,2,2,1,1,0,2,2,12,3,6,2020,1.0,1,1,1,1,3,4
1868,86857,CHICAGO,IL,60651,23.0,0.0,0.0,0.0,1,5,154,2019.0,1,2,4,8.0,30,0,0,1,1,2,2,1,1,0,2,2,12,3,6,2020,1.0,1,1,1,1,3,4
1869,86858,CHICAGO,IL,60651,23.0,0.0,0.0,0.0,1,19,124,2005.0,1,2,1,3.0,30,0,0,1,1,2,2,1,1,0,2,2,12,3,6,2020,1.0,1,1,1,1,3,4
1870,86962,CHICAGO,IL,60628,19.0,0.0,0.0,0.0,1,3,3,2008.0,1,2,6,4.0,30,0,0,1,1,2,0,2,1,0,2,2,13,3,6,2020,0.0,0,1,1,0,3,3
1871,86963,CHICAGO,IL,60628,19.0,0.0,0.0,0.0,1,22,144,2011.0,2,2,2,3.0,30,0,0,1,1,2,0,2,1,0,2,2,13,3,6,2020,0.0,0,1,1,0,3,3
1872,86981,SKOKIE,IL,60076,43.0,0.0,0.0,0.0,1,4,50,2010.0,2,6,4,4.0,30,0,0,1,1,2,0,1,1,0,1,2,13,3,6,2020,0.0,0,1,1,0,3,3
1873,86992,CHICAGO,IL,60606,26.0,0.0,0.0,0.0,1,3,74,2002.0,2,4,1,1.0,30,1,1,1,1,1,1,1,1,0,3,2,13,3,6,2020,0.0,0,1,1,1,2,3
1874,86993,CHICAGO,IL,60606,26.0,0.0,0.0,0.0,1,7,10,2012.0,2,1,1,11.0,30,1,1,1,1,1,1,1,1,0,3,2,13,3,6,2020,0.0,0,1,1,1,2,3
1875,87155,CHICAGO,IL,60606,23.0,0.0,0.0,0.0,1,5,13,2020.0,1,2,3,5.0,30,1,1,1,1,7,1,1,1,0,2,2,15,3,6,2020,0.0,0,1,1,1,1,3
1876,87218,CHICAGO,IL,60606,36.0,0.0,9.0,0.0,1,6,85,2018.0,1,1,1,1.0,30,1,1,1,1,1,4,1,1,0,4,2,15,3,6,2020,1.0,1,1,1,1,3,4
1877,87219,CHICAGO,IL,60606,36.0,0.0,9.0,0.0,1,3,64,2004.0,1,2,1,10.0,30,1,1,1,1,1,4,1,1,0,4,2,15,3,6,2020,1.0,1,1,1,1,3,4
1878,87220,CHICAGO,IL,60618,58.0,0.0,0.0,0.0,1,6,85,2018.0,1,1,1,1.0,30,1,1,1,1,1,4,1,1,0,4,2,15,3,6,2020,1.0,1,1,1,1,3,4
1879,87221,CHICAGO,IL,60618,58.0,0.0,0.0,0.0,1,3,64,2004.0,1,2,1,10.0,30,1,1,1,1,1,4,1,1,0,4,2,15,3,6,2020,1.0,1,1,1,1,3,4
1880,87444,CHICAGO,IL,60611,34.0,0.0,0.0,0.0,1,18,308,2014.0,1,4,3,2.0,30,1,1,1,1,3,0,1,1,0,2,2,17,3,6,2020,0.0,1,1,1,0,3,3
1881,87531,UNKNOWN,IL,0,36.9,0.0,-1.0,0.0,1,8,15,2011.0,1,1,1,10.0,30,1,1,1,1,1,1,1,1,0,4,3,16,3,6,2020,2.0,1,1,1,1,3,4
1882,87532,UNKNOWN,IL,0,36.9,0.0,-1.0,0.0,2,10,67,2015.0,1,3,5,1.0,30,1,1,1,1,1,1,1,1,0,4,3,16,3,6,2020,2.0,1,1,1,1,3,4
1883,87533,UNKNOWN,IL,0,36.9,0.0,-1.0,0.0,1,2,332,2005.0,1,4,1,1.0,30,1,1,1,1,1,1,1,1,0,4,3,16,3,6,2020,2.0,1,1,1,1,3,4
1884,87534,COUNTRY_CLUB,IL,60478,30.0,0.0,-1.0,0.0,1,8,15,2011.0,1,1,1,10.0,30,1,1,1,1,1,1,1,1,0,4,3,16,3,6,2020,2.0,1,1,1,1,3,4
1885,87535,COUNTRY_CLUB,IL,60478,30.0,0.0,-1.0,0.0,2,10,67,2015.0,1,3,5,1.0,30,1,1,1,1,1,1,1,1,0,4,3,16,3,6,2020,2.0,1,1,1,1,3,4
1886,87536,COUNTRY_CLUB,IL,60478,30.0,0.0,-1.0,0.0,1,2,332,2005.0,1,4,1,1.0,30,1,1,1,1,1,1,1,1,0,4,3,16,3,6,2020,2.0,1,1,1,1,3,4
1887,87558,CICERO,IL,60804,22.0,0.0,0.0,0.0,1,1,135,2007.0,4,1,1,4.0,30,1,1,1,1,4,0,1,1,0,3,3,19,3,6,2020,0.0,1,1,1,1,3,3
1888,87559,CICERO,IL,60804,22.0,0.0,0.0,0.0,1,22,66,2007.0,2,1,1,7.0,30,1,1,1,1,4,0,1,1,0,3,3,19,3,6,2020,0.0,1,1,1,1,3,3
1889,87560,CICERO,IL,60804,22.0,0.0,0.0,0.0,1,1,165,2019.0,1,1,8,3.0,30,1,1,1,1,4,0,1,1,0,3,3,19,3,6,2020,0.0,1,1,1,1,3,3
1890,87561,CHICAGO,IL,60623,49.0,0.0,0.0,0.0,1,1,135,2007.0,4,1,1,4.0,30,1,1,1,1,4,0,1,1,0,3,3,19,3,6,2020,0.0,0,1,1,1,3,3
1891,87562,CHICAGO,IL,60623,49.0,0.0,0.0,0.0,1,22,66,2007.0,2,1,1,7.0,30,1,1,1,1,4,0,1,1,0,3,3,19,3,6,2020,0.0,0,1,1,1,3,3
1892,87563,CHICAGO,IL,60623,49.0,0.0,0.0,0.0,1,1,165,2019.0,1,1,8,3.0,30,1,1,1,1,4,0,1,1,0,3,3,19,3,6,2020,0.0,0,1,1,1,3,3
1893,87592,UNKNOWN,IL,0,36.9,0.0,2.0,0.0,1,16,78,2000.0,1,1,9,4.0,30,2,1,1,1,1,1,1,1,0,2,2,19,3,6,2020,2.0,0,1,1,1,3,4
1894,87593,UNKNOWN,IL,0,36.9,0.0,2.0,0.0,1,45,204,2016.0,-1,4,1,5.0,30,2,1,1,1,1,1,1,1,0,2,2,19,3,6,2020,2.0,0,1,1,1,3,4
1895,87594,CHICAGO,IL,60623,22.0,0.0,0.0,0.0,1,16,78,2000.0,1,1,9,4.0,30,2,1,1,1,1,1,1,1,0,2,2,19,3,6,2020,2.0,1,1,1,1,3,4