,index,CITY,STATE,ZIPCODE,AGE,EJECTION,DRIVER_ACTION,BAC_RESULT,UNIT_TYPE,MAKE,MODEL,VEHICLE_YEAR,VEHICLE_TYPE,TRAVEL_DIRECTION,MANEUVER,FIRST_CONTACT_POINT,POSTED_SPEED_LIMIT,TRAFFIC_CONTROL_DEVICE,DEVICE_CONDITION,WEATHER_CONDITION,LIGHTING_CONDITION,FIRST_CRASH_TYPE,TRAFFICWAY_TYPE,ALIGNMENT,ROADWAY_SURFACE_COND,ROAD_DEFECT,STREET_DIRECTION,NUM_UNITS,CRASH_HOUR,CRASH_DAY_OF_WEEK,CRASH_MONTH,CRASH_YEAR,FATAL_DEGREE,SEX,INTERSECTION_RELATED,HIT_AND_RUN,REPORTYPE,DAMAGE_COST,FATAL_COND
1896,87595,CHICAGO,IL,60623,22.0,0.0,0.0,0.0,1,45,204,2016.0,-1,4,1,5.0,30,2,1,1,1,1,1,1,1,0,2,2,19,3,6,2020,2.0,1,1,1,1,3,4
1897,87780,CHICAGO,IL,60628,22.0,-1.0,0.0,0.0,1,-1,2,2010.0,-1,-1,-1,-1.0,30,0,0,1,2,5,0,1,1,0,2,2,3,4,7,2020,3.0,0,1,1,1,3,0
1898,87879,GARY,IN,46408,35.0,0.0,0.0,0.0,1,5,13,2014.0,1,3,2,5.0,30,1,1,1,2,2,6,1,1,0,3,2,22,3,6,2020,0.0,0,1,1,0,3,3
1899,88907,CHICAGO,IL,60630,24.0,0.0,5.0,0.0,1,18,194,2002.0,1,2,2,1.0,30,1,1,1,2,2,4,1,1,0,2,2,21,4,7,2020,2.0,1,1,0,1,3,4
1900,88908,CHICAGO,IL,60630,24.0,0.0,5.0,0.0,1,9,1,2019.0,1,4,-1,1.0,30,1,1,1,2,2,4,1,1,0,2,2,21,4,7,2020,2.0,1,1,0,1,3,4
1901,88909,CHICAGO,IL,60652,32.0,0.0,0.0,0.0,1,18,194,2002.0,1,2,2,1.0,30,1,1,1,2,2,4,1,1,0,2,2,21,4,7,2020,2.0,1,1,0,1,3,4
1902,88910,CHICAGO,IL,60652,32.0,0.0,0.0,0.0,1,9,1,2019.0,1,4,-1,1.0,30,1,1,1,2,2,4,1,1,0,2,2,21,4,7,2020,2.0,1,1,0,1,3,4
1903,88978,CHICAGO,IL,60624,18.0,0.0,5.0,0.0,1,1,6,2007.0,1,2,2,6.0,30,1,1,1,2,2,1,1,1,0,2,2,22,4,7,2020,1.0,1,1,0,1,3,4
1904,88979,CHICAGO,IL,60624,18.0,0.0,5.0,0.0,1,6,22,2006.0,1,1,1,3.0,30,1,1,1,2,2,1,1,1,0,2,2,22,4,7,2020,1.0,1,1,0,1,3,4
1905,88980,CHICAGO,IL,60623,22.0,0.0,0.0,0.0,1,1,6,2007.0,1,2,2,6.0,30,1,1,1,2,2,1,1,1,0,2,2,22,4,7,2020,1.0,0,1,0,1,3,4
1906,88981,CHICAGO,IL,60623,22.0,0.0,0.0,0.0,1,6,22,2006.0,1,1,1,3.0,30,1,1,1,2,2,1,1,1,0,2,2,22,4,7,2020,1.0,0,1,0,1,3,4
1907,89157,UNKNOWN,XX,0,36.0,0.0,2.0,0.0,1,2,9,2010.0,-1,1,1,3.0,30,2,-1,1,1,1,0,1,1,-1,1,2,18,4,7,2020,1.0,1,1,1,0,3,4
1908,89158,UNKNOWN,XX,0,36.0,0.0,2.0,0.0,1,6,41,2013.0,1,2,1,4.0,30,2,-1,1,1,1,0,1,1,-1,1,2,18,4,7,2020,1.0,1,1,1,0,3,4
1909,89159,CHICAGO,IL,60637,32.0,0.0,-1.0,0.0,1,2,9,2010.0,-1,1,1,3.0,30,2,-1,1,1,1,0,1,1,-1,1,2,18,4,7,2020,1.0,1,1,1,0,3,4
1910,89160,CHICAGO,IL,60637,32.0,0.0,-1.0,0.0,1,6,41,2013.0,1,2,1,4.0,30,2,-1,1,1,1,0,1,1,-1,1,2,18,4,7,2020,1.0,1,1,1,0,3,4
1911,89170,CHICAGO,IL,60637,20.0,0.0,0.0,0.0,1,4,18,2003.0,1,1,2,8.0,30,1,1,1,2,2,5,1,1,0,1,2,0,6,7,2020,0.0,0,1,1,1,2,3
1912,89217,CHICAGO,IL,60609,25.0,-1.0,0.0,-1.0,1,-1,93,2010.0,2,4,4,-1.0,35,0,0,1,2,5,2,1,1,0,2,2,1,6,7,2020,3.0,1,1,1,1,3,0
1913,89219,CHICAGO,IL,60609,38.0,0.0,-1.0,0.0,1,-1,93,2010.0,2,4,4,-1.0,35,0,0,1,2,5,2,1,1,0,2,2,1,6,7,2020,3.0,0,1,1,1,3,4
1914,89244,CHICAGO,IL,60620,57.0,0.0,0.0,0.0,1,10,226,1999.0,1,1,4,3.0,30,1,1,1,1,2,1,1,1,0,1,2,7,6,7,2020,0.0,0,1,1,0,2,3
1915,89372,CHICAGO,IL,60611,41.0,0.0,0.0,0.0,1,23,61,2005.0,1,2,6,3.0,30,1,1,1,2,4,1,1,1,0,2,2,1,7,7,2020,0.0,1,1,1,1,3,3
1916,89373,CHICAGO,IL,60611,41.0,0.0,0.0,0.0,1,2,218,2009.0,7,2,1,11.0,30,1,1,1,2,4,1,1,1,0,2,2,1,7,7,2020,0.0,1,1,1,1,3,3
1917,89678,CHICAGO,IL,60619,36.9,0.0,3.0,0.0,1,17,52,2016.0,1,2,1,5.0,35,1,1,1,2,1,1,1,1,0,3,2,0,1,7,2020,2.0,0,1,1,1,3,4
1918,89679,GLENWOOD,IL,60425,45.0,0.0,0.0,0.0,1,-1,1,2011.0,2,3,1,1.0,35,1,1,1,2,1,1,1,1,0,3,2,0,1,7,2020,2.0,0,1,1,1,3,4
1919,89680,GLENWOOD,IL,60425,45.0,0.0,0.0,0.0,1,17,52,2016.0,1,2,1,5.0,35,1,1,1,2,1,1,1,1,0,3,2,0,1,7,2020,2.0,0,1,1,1,3,4
1920,89707,CHICAGO,IL,60619,38.0,0.0,-1.0,0.0,1,7,10,2018.0,1,3,1,1.0,30,1,1,1,2,1,0,1,1,0,3,2,3,1,7,2020,3.0,1,1,1,1,3,4
1921,89708,CHICAGO,IL,60619,38.0,0.0,-1.0,0.0,1,7,51,2015.0,1,2,1,-1.0,30,1,1,1,2,1,0,1,1,0,3,2,3,1,7,2020,3.0,1,1,1,1,3,4
1922,89709,CHICAGO,IL,60619,25.0,0.0,-1.0,0.0,1,7,10,2018.0,1,3,1,1.0,30,1,1,1,2,1,0,1,1,0,3,2,3,1,7,2020,3.0,0,1,1,1,3,4
1923,89710,CHICAGO,IL,60619,25.0,0.0,-1.0,0.0,1,7,51,2015.0,1,2,1,-1.0,30,1,1,1,2,1,0,1,1,0,3,2,3,1,7,2020,3.0,0,1,1,1,3,4
1924,89921,CHICAGO,IL,60644,54.0,0.0,0.0,0.0,1,23,61,2010.0,1,3,1,3.0,30,2,0,1,1,1,0,1,1,0,3,2,19,1,7,2020,0.0,0,1,1,1,3,4
1925,89996,MIDLOTHIAN,IL,60445,18.0,0.0,3.0,0.0,1,2,24,2013.0,1,1,1,1.0,25,1,1,1,1,1,1,1,1,0,1,2,5,2,7,2020,2.0,1,1,0,1,3,4
1926,89997,MIDLOTHIAN,IL,60445,18.0,0.0,3.0,0.0,1,28,45,2007.0,5,4,1,10.0,25,1,1,1,1,1,1,1,1,0,1,2,5,2,7,2020,2.0,1,1,0,1,3,4
1927,89998,CHICAGO,IL,60636,62.0,0.0,0.0,0.0,1,2,24,2013.0,1,1,1,1.0,25,1,1,1,1,1,1,1,1,0,1,2,5,2,7,2020,2.0,0,1,0,1,3,4
1928,89999,CHICAGO,IL,60636,62.0,0.0,0.0,0.0,1,28,45,2007.0,5,4,1,10.0,25,1,1,1,1,1,1,1,1,0,1,2,5,2,7,2020,2.0,0,1,0,1,3,4
1929,90269,CHICAGO,IL,60649,38.0,-1.0,-1.0,0.0,1,-1,1,2010.0,-1,3,2,-1.0,30,1,1,1,1,2,1,1,1,0,1,2,17,2,7,2020,3.0,0,1,1,1,3,4
1930,90270,CHICAGO,IL,60649,38.0,-1.0,-1.0,0.0,1,2,68,2003.0,1,3,1,3.0,30,1,1,1,1,2,1,1,1,0,1,2,17,2,7,2020,3.0,0,1,1,1,3,4
1931,90271,CHICAGO,IL,60655,17.0,0.0,0.0,0.0,1,-1,1,2010.0,-1,3,2,-1.0,30,1,1,1,1,2,1,1,1,0,1,2,17,2,7,2020,3.0,1,1,1,1,3,4
1932,90272,CHICAGO,IL,60655,17.0,0.0,0.0,0.0,1,2,68,2003.0,1,3,1,3.0,30,1,1,1,1,2,1,1,1,0,1,2,17,2,7,2020,3.0,1,1,1,1,3,4
1933,90438,CHICAGO,IL,60634,48.0,0.0,0.0,0.0,1,3,148,2016.0,7,1,1,9.0,30,1,1,1,1,1,1,1,1,0,2,2,11,3,7,2020,0.0,1,1,1,1,1,4
1934,90624,CHICAGO,IL,60651,38.0,-1.0,-1.0,2.0,1,2,19,2015.0,1,3,1,12.0,25,2,1,-1,4,9,1,1,-1,-1,3,2,20,3,7,2020,3.0,1,1,1,0,2,2
1935,90626,CHICAGO,IL,60647,56.0,0.0,0.0,0.0,1,2,19,2015.0,1,3,1,12.0,25,2,1,-1,4,9,1,1,-1,-1,3,2,20,3,7,2020,3.0,0,1,1,0,2,4
1936,90647,CHICAGO,IL,60647,23.0,0.0,0.0,0.0,1,3,28,2012.0,1,1,1,4.0,30,1,1,1,2,2,2,1,2,0,1,2,0,4,7,2020,0.0,1,1,1,1,3,3
1937,90735,CHICAGO,IL,60626,59.0,0.0,2.0,0.0,1,1,1,2014.0,1,3,1,1.0,30,2,1,1,1,1,0,1,1,0,2,2,10,4,7,2020,2.0,0,1,1,1,3,4
1938,90736,CHICAGO,IL,60626,59.0,0.0,2.0,0.0,1,4,5,2009.0,1,2,1,5.0,30,2,1,1,1,1,0,1,1,0,2,2,10,4,7,2020,2.0,0,1,1,1,3,4
1939,90737,CHICAGO,IL,60645,57.0,0.0,0.0,0.0,1,1,1,2014.0,1,3,1,1.0,30,2,1,1,1,1,0,1,1,0,2,2,10,4,7,2020,2.0,0,1,1,1,3,4
1940,90738,CHICAGO,IL,60645,57.0,0.0,0.0,0.0,1,4,5,2009.0,1,2,1,5.0,30,2,1,1,1,1,0,1,1,0,2,2,10,4,7,2020,2.0,0,1,1,1,3,4
1941,90766,UNK,XX,0,36.9,0.0,-1.0,0.0,1,15,1,2018.0,-1,2,1,-1.0,30,0,0,2,2,5,0,1,2,0,2,2,21,3,7,2020,2.0,1,1,1,0,3,4
1942,90768,CHICAGO,IL,60645,27.0,-1.0,0.0,0.0,1,15,1,2018.0,-1,2,1,-1.0,30,0,0,2,2,5,0,1,2,0,2,2,21,3,7,2020,2.0,0,1,1,0,3,0
1943,90780,CHICAGO,IL,60619,33.0,0.0,1.0,0.0,1,4,11,2017.0,1,1,1,2.0,20,1,1,1,1,3,0,1,1,0,1,4,12,3,7,2020,0.0,1,0,1,0,3,4
1944,91292,CHICAGO,IL,60612,45.0,-1.0,1.0,0.0,1,-1,1,2010.0,-1,4,1,-1.0,30,1,-1,-1,2,5,1,1,2,-1,1,2,2,6,7,2020,3.0,1,1,1,1,3,0
1945,91414,CHICAGO,IL,60624,52.0,-1.0,0.0,0.0,1,2,19,2020.0,1,2,1,-1.0,30,1,-1,1,1,5,0,1,1,0,2,2,14,6,7,2020,2.0,1,1,1,1,1,0
1946,91416,CHICAGO,IL,60624,36.9,0.0,-1.0,0.0,1,2,19,2020.0,1,2,1,-1.0,30,1,-1,1,1,5,0,1,1,0,2,2,14,6,7,2020,2.0,0,1,1,1,1,4
1947,91531,CHICAGO,XX,60624,38.0,0.0,2.0,0.0,1,1,1,2010.0,1,2,2,3.0,35,1,1,1,2,2,2,2,1,0,2,2,0,7,7,2020,3.0,0,1,1,1,3,4
1948,91532,CHICAGO,XX,60624,38.0,0.0,2.0,0.0,1,1,4,2006.0,1,4,1,5.0,35,1,1,1,2,2,2,2,1,0,2,2,0,7,7,2020,3.0,0,1,1,1,3,4
1949,91533,CHICAGO,IL,60624,20.0,0.0,0.0,0.0,1,1,1,2010.0,1,2,2,3.0,35,1,1,1,2,2,2,2,1,0,2,2,0,7,7,2020,3.0,0,1,1,1,3,4
1950,91534,CHICAGO,IL,60624,20.0,0.0,0.0,0.0,1,1,4,2006.0,1,4,1,5.0,35,1,1,1,2,2,2,2,1,0,2,2,0,7,7,2020,3.0,0,1,1,1,3,4
1951,91681,CALUMET_CITY,IL,60409,37.0,0.0,-1.0,0.0,1,3,3,2010.0,1,4,1,6.0,30,2,1,2,1,2,4,1,2,0,1,2,12,7,7,2020,0.0,0,1,1,1,3,3
1952,91859,CHICAGO,XX,60624,23.0,0.0,3.0,0.0,1,18,1,2019.0,1,4,1,8.0,30,2,1,1,1,1,1,1,1,0,1,2,8,1,7,2020,1.0,1,1,1,1,3,4
1953,91860,CHICAGO,XX,60624,23.0,0.0,3.0,0.0,1,1,1,2016.0,1,3,1,4.0,30,2,1,1,1,1,1,1,1,0,1,2,8,1,7,2020,1.0,1,1,1,1,3,4
1954,91867,PLAINFIELD,IL,60585,40.0,0.0,0.0,0.0,1,18,1,2019.0,1,4,1,8.0,30,2,1,1,1,1,1,1,1,0,1,2,8,1,7,2020,1.0,0,1,1,1,3,4
1955,91868,PLAINFIELD,IL,60585,40.0,0.0,0.0,0.0,1,1,1,2016.0,1,3,1,4.0,30,2,1,1,1,1,1,1,1,0,1,2,8,1,7,2020,1.0,0,1,1,1,3,4
1956,91935,CHICAGO,XX,60624,36.9,0.0,6.0,0.0,1,5,7,2002.0,1,3,2,3.0,20,2,1,1,1,2,12,1,1,0,3,2,12,7,7,2020,2.0,0,1,1,0,3,4
1957,91936,CHICAGO,IL,60707,60.0,0.0,0.0,0.0,1,-1,1,2011.0,1,5,4,1.0,20,2,1,1,1,2,12,1,1,0,3,2,12,7,7,2020,2.0,1,1,1,0,3,4
1958,91937,CHICAGO,IL,60707,60.0,0.0,0.0,0.0,1,5,7,2002.0,1,3,2,3.0,20,2,1,1,1,2,12,1,1,0,3,2,12,7,7,2020,2.0,1,1,1,0,3,4
1959,92012,CHICAGO,XX,60707,36.0,0.0,-1.0,0.0,1,3,28,1998.0,2,4,3,2.0,30,1,1,1,2,3,3,1,1,0,1,2,21,7,7,2020,1.0,1,1,1,0,3,4
1960,92013,CHICAGO,IL,60620,66.0,0.0,0.0,0.0,1,-1,2,2010.0,1,4,1,1.0,30,1,1,1,2,3,3,1,1,0,1,2,21,7,7,2020,1.0,1,1,1,0,3,4
1961,92014,CHICAGO,IL,60620,66.0,0.0,0.0,0.0,1,3,28,1998.0,2,4,3,2.0,30,1,1,1,2,3,3,1,1,0,1,2,21,7,7,2020,1.0,1,1,1,0,3,4
1962,92049,EVANSTON,IL,60201,33.0,0.0,2.0,0.0,1,22,144,2010.0,2,3,2,6.0,30,1,1,1,2,2,1,1,1,0,2,2,3,2,7,2020,0.0,1,1,1,1,3,4
1963,92050,EVANSTON,IL,60201,33.0,0.0,2.0,0.0,1,2,1,2015.0,4,3,4,3.0,30,1,1,1,2,2,1,1,1,0,2,2,3,2,7,2020,0.0,1,1,1,1,3,4
1964,92055,CRETE,IL,60417,17.0,0.0,2.0,0.0,1,27,197,2005.0,1,4,1,1.0,30,1,1,1,2,1,0,1,1,0,1,2,3,2,7,2020,0.0,1,1,1,1,3,3
1965,92195,CHICAGO,IL,60628,24.0,0.0,0.0,0.0,1,17,329,2003.0,1,3,1,9.0,30,1,1,1,1,2,0,1,1,0,1,2,12,2,7,2020,0.0,1,1,1,1,1,3
1966,92283,CHICAGO,IL,60643,54.0,0.0,0.0,0.0,1,6,69,2009.0,1,3,8,4.0,30,0,0,1,1,1,1,1,1,0,1,2,16,2,7,2020,0.0,1,1,1,0,2,3
1967,92284,CHICAGO,IL,60643,54.0,0.0,0.0,0.0,1,3,3,2015.0,1,2,3,12.0,30,0,0,1,1,1,1,1,1,0,1,2,16,2,7,2020,0.0,1,1,1,0,2,3
1968,92384,HUNTLEY,IL,60142,27.0,0.0,0.0,0.0,1,18,178,2006.0,1,2,1,1.0,35,1,1,1,2,11,1,1,1,0,2,2,0,3,7,2020,0.0,1,1,1,0,3,4
1969,92930,CHICAGO,IL,60608,31.0,0.0,0.0,0.0,1,6,41,2017.0,1,1,1,10.0,25,2,1,3,1,11,1,1,1,-1,1,2,15,4,7,2020,0.0,1,1,1,0,3,3
1970,93119,CHICAGO,IL,60659,36.0,0.0,0.0,0.0,1,3,64,2014.0,3,3,1,4.0,30,1,1,1,1,2,0,1,1,0,3,2,5,3,7,2020,0.0,1,1,1,0,2,3
1971,93188,CHICAGO,IL,60621,32.0,0.0,9.0,2.0,1,27,62,2004.0,1,1,1,1.0,30,1,1,1,2,4,4,1,1,0,3,6,22,5,7,2020,3.0,1,1,0,1,3,4
1972,93189,CHICAGO,IL,60621,32.0,0.0,9.0,2.0,1,4,50,2020.0,1,1,3,10.0,30,1,1,1,2,4,4,1,1,0,3,6,22,5,7,2020,3.0,1,1,0,1,3,4
1973,93190,CHICAGO,IL,60621,32.0,0.0,9.0,2.0,1,5,23,2018.0,1,1,3,9.0,30,1,1,1,2,4,4,1,1,0,3,6,22,5,7,2020,3.0,1,1,0,1,3,4
1974,93191,CHICAGO,IL,60621,32.0,0.0,9.0,2.0,2,20,145,2017.0,1,1,5,2.0,30,1,1,1,2,4,4,1,1,0,3,6,22,5,7,2020,3.0,1,1,0,1,3,4
1975,93192,CHICAGO,IL,60621,32.0,0.0,9.0,2.0,2,3,1,2016.0,1,1,5,2.0,30,1,1,1,2,4,4,1,1,0,3,6,22,5,7,2020,3.0,1,1,0,1,3,4
1976,93193,CHICAGO,IL,60621,32.0,0.0,9.0,2.0,2,4,5,2011.0,1,1,5,2.0,30,1,1,1,2,4,4,1,1,0,3,6,22,5,7,2020,3.0,1,1,0,1,3,4
1977,93194,CHICAGO,IL,60631,23.0,0.0,0.0,0.0,1,27,62,2004.0,1,1,1,1.0,30,1,1,1,2,4,4,1,1,0,3,6,22,5,7,2020,3.0,0,1,0,1,3,4
1978,93195,CHICAGO,IL,60631,23.0,0.0,0.0,0.0,1,4,50,2020.0,1,1,3,10.0,30,1,1,1,2,4,4,1,1,0,3,6,22,5,7,2020,3.0,0,1,0,1,3,4
1979,93196,CHICAGO,IL,60631,23.0,0.0,0.0,0.0,1,5,23,2018.0,1,1,3,9.0,30,1,1,1,2,4,4,1,1,0,3,6,22,5,7,2020,3.0,0,1,0,1,3,4
1980,93197,CHICAGO,IL,60631,23.0,0.0,0.0,0.0,2,20,145,2017.0,1,1,5,2.0,30,1,1,1,2,4,4,1,1,0,3,6,22,5,7,2020,3.0,0,1,0,1,3,4
1981,93198,CHICAGO,IL,60631,23.0,0.0,0.0,0.0,2,3,1,2016.0,1,1,5,2.0,30,1,1,1,2,4,4,1,1,0,3,6,22,5,7,2020,3.0,0,1,0,1,3,4
1982,93199,CHICAGO,IL,60631,23.0,0.0,0.0,0.0,2,4,5,2011.0,1,1,5,2.0,30,1,1,1,2,4,4,1,1,0,3,6,22,5,7,2020,3.0,0,1,0,1,3,4
1983,93200,SKOKIE,IL,60077,43.0,0.0,0.0,0.0,1,27,62,2004.0,1,1,1,1.0,30,1,1,1,2,4,4,1,1,0,3,6,22,5,7,2020,3.0,1,1,0,1,3,4
1984,93201,SKOKIE,IL,60077,43.0,0.0,0.0,0.0,1,4,50,2020.0,1,1,3,10.0,30,1,1,1,2,4,4,1,1,0,3,6,22,5,7,2020,3.0,1,1,0,1,3,4
1985,93202,SKOKIE,IL,60077,43.0,0.0,0.0,0.0,1,5,23,2018.0,1,1,3,9.0,30,1,1,1,2,4,4,1,1,0,3,6,22,5,7,2020,3.0,1,1,0,1,3,4
1986,93203,SKOKIE,IL,60077,43.0,0.0,0.0,0.0,2,20,145,2017.0,1,1,5,2.0,30,1,1,1,2,4,4,1,1,0,3,6,22,5,7,2020,3.0,1,1,0,1,3,4
1987,93204,SKOKIE,IL,60077,43.0,0.0,0.0,0.0,2,3,1,2016.0,1,1,5,2.0,30,1,1,1,2,4,4,1,1,0,3,6,22,5,7,2020,3.0,1,1,0,1,3,4
1988,93205,SKOKIE,IL,60077,43.0,0.0,0.0,0.0,2,4,5,2011.0,1,1,5,2.0,30,1,1,1,2,4,4,1,1,0,3,6,22,5,7,2020,3.0,1,1,0,1,3,4
1989,93280,CHICAGO,IL,60609,38.0,0.0,0.0,0.0,1,1,43,2006.0,2,3,1,2.0,30,1,1,1,1,3,0,1,1,0,1,2,6,6,7,2020,0.0,1,1,1,1,2,3
1990,93375,CHICAGO,IL,60624,35.0,0.0,3.0,0.0,1,2,9,2002.0,1,2,1,4.0,30,2,1,1,1,1,0,1,1,0,2,2,16,7,7,2020,0.0,1,1,0,1,3,4
1991,93376,CHICAGO,IL,60624,35.0,0.0,3.0,0.0,1,18,105,2015.0,1,3,1,8.0,30,2,1,1,1,1,0,1,1,0,2,2,16,7,7,2020,0.0,1,1,0,1,3,4
1992,93377,CHICAGO,IL,60612,42.0,0.0,0.0,0.0,1,2,9,2002.0,1,2,1,4.0,30,2,1,1,1,1,0,1,1,0,2,2,16,7,7,2020,0.0,0,1,0,1,3,4
1993,93378,CHICAGO,IL,60612,42.0,0.0,0.0,0.0,1,18,105,2015.0,1,3,1,8.0,30,2,1,1,1,1,0,1,1,0,2,2,16,7,7,2020,0.0,0,1,0,1,3,4
1994,93454,CHICAGO,IL,60653,27.0,0.0,0.0,0.0,1,5,1,2016.0,1,1,1,1.0,30,1,1,1,2,3,2,1,1,0,1,2,21,7,7,2020,0.0,0,1,1,1,3,3
1995,93455,CHICAGO,IL,60653,27.0,0.0,0.0,0.0,1,4,5,2020.0,1,1,1,2.0,30,1,1,1,2,3,2,1,1,0,1,2,21,7,7,2020,0.0,0,1,1,1,3,3
1996,93576,LASTING,MI,48917,29.0,0.0,0.0,0.0,1,19,90,2012.0,1,2,1,5.0,30,1,1,1,2,2,-1,1,1,0,2,2,22,7,7,2020,0.0,1,1,1,0,3,4
1997,93632,CHICAGO,IL,60657,36.0,0.0,0.0,0.0,1,24,96,2012.0,1,1,1,6.0,30,1,1,1,1,4,0,1,1,0,2,2,19,2,7,2020,0.0,1,1,1,1,3,3
1998,93640,WESTLAND,MI,48185,36.0,0.0,3.0,0.0,1,3,57,2018.0,1,4,14,1.0,30,1,1,1,5,2,1,1,1,0,1,3,20,2,7,2020,1.0,1,1,1,1,3,4
1999,93641,WESTLAND,MI,48185,36.0,0.0,3.0,0.0,1,1,1,2003.0,1,3,2,5.0,30,1,1,1,5,2,1,1,1,0,1,3,20,2,7,2020,1.0,1,1,1,1,3,4
2000,93642,WESTLAND,MI,48185,36.0,0.0,3.0,0.0,1,20,1,2015.0,1,3,1,9.0,30,1,1,1,5,2,1,1,1,0,1,3,20,2,7,2020,1.0,1,1,1,1,3,4
2001,93643,CHICAGO,IL,60707,48.0,0.0,0.0,0.0,1,3,57,2018.0,1,4,14,1.0,30,1,1,1,5,2,1,1,1,0,1,3,20,2,7,2020,1.0,0,1,1,1,3,4
2002,93644,CHICAGO,IL,60707,48.0,0.0,0.0,0.0,1,1,1,2003.0,1,3,2,5.0,30,1,1,1,5,2,1,1,1,0,1,3,20,2,7,2020,1.0,0,1,1,1,3,4
2003,93645,CHICAGO,IL,60707,48.0,0.0,0.0,0.0,1,20,1,2015.0,1,3,1,9.0,30,1,1,1,5,2,1,1,1,0,1,3,20,2,7,2020,1.0,0,1,1,1,3,4
2004,93646,CHICAGO,IL,60644,31.0,0.0,0.0,0.0,1,3,57,2018.0,1,4,14,1.0,30,1,1,1,5,2,1,1,1,0,1,3,20,2,7,2020,1.0,1,1,1,1,3,4
2005,93647,CHICAGO,IL,60644,31.0,0.0,0.0,0.0,1,1,1,2003.0,1,3,2,5.0,30,1,1,1,5,2,1,1,1,0,1,3,20,2,7,2020,1.0,1,1,1,1,3,4
2006,93648,CHICAGO,IL,60644,31.0,0.0,0.0,0.0,1,20,1,2015.0,1,3,1,9.0,30,1,1,1,5,2,1,1,1,0,1,3,20,2,7,2020,1.0,1,1,1,1,3,4
2007,93734,UNKNOWN,XX,0,36.0,0.0,5.0,0.0,1,8,15,2012.0,1,4,4,-1.0,35,2,1,1,1,2,3,1,1,0,1,2,12,4,7,2020,1.0,0,1,1,0,3,4
2008,93735,UNKNOWN,XX,0,36.0,0.0,5.0,0.0,1,5,23,2011.0,2,4,1,3.0,35,2,1,1,1,2,3,1,1,0,1,2,12,4,7,2020,1.0,0,1,1,0,3,4
2009,93736,CHICAGO,IL,60636,26.0,0.0,0.0,0.0,1,8,15,2012.0,1,4,4,-1.0,35,2,1,1,1,2,3,1,1,0,1,2,12,4,7,2020,1.0,0,1,1,0,3,4
2010,93737,CHICAGO,IL,60636,26.0,0.0,0.0,0.0,1,5,23,2011.0,2,4,1,3.0,35,2,1,1,1,2,3,1,1,0,1,2,12,4,7,2020,1.0,0,1,1,0,3,4
2011,93997,UNKNOWN,XX,0,38.0,0.0,-1.0,0.0,1,7,217,2017.0,1,4,1,1.0,30,2,0,2,2,1,1,1,2,0,1,2,0,1,7,2020,3.0,0,1,1,1,3,4
2012,93998,UNKNOWN,XX,0,38.0,0.0,-1.0,0.0,1,1,1,1999.0,1,3,1,9.0,30,2,0,2,2,1,1,1,2,0,1,2,0,1,7,2020,3.0,0,1,1,1,3,4
2013,93999,CHICAGO,IL,60643,38.0,0.0,-1.0,0.0,1,7,217,2017.0,1,4,1,1.0,30,2,0,2,2,1,1,1,2,0,1,2,0,1,7,2020,3.0,1,1,1,1,3,4
2014,94000,CHICAGO,IL,60643,38.0,0.0,-1.0,0.0,1,1,1,1999.0,1,3,1,9.0,30,2,0,2,2,1,1,1,2,0,1,2,0,1,7,2020,3.0,1,1,1,1,3,4
2015,94047,CHICAGO,IL,60639,36.0,0.0,0.0,0.0,1,11,1,2004.0,1,2,1,1.0,30,1,1,1,1,3,0,1,1,0,2,2,9,1,7,2020,0.0,1,1,0,0,2,3
2016,94048,CHICAGO,IL,60639,36.0,0.0,0.0,0.0,1,2,31,2008.0,4,2,1,8.0,30,1,1,1,1,3,0,1,1,0,2,2,9,1,7,2020,0.0,1,1,0,0,2,3
2017,94746,CHICAGO,IL,60624,36.9,0.0,4.0,0.0,1,33,198,2015.0,1,2,1,1.0,30,1,1,1,1,3,0,1,1,0,2,2,12,5,7,2020,2.0,1,1,1,0,2,4
2018,94747,CHICAGO,IL,60624,36.9,0.0,4.0,0.0,1,2,8,2013.0,1,2,1,2.0,30,1,1,1,1,3,0,1,1,0,2,2,12,5,7,2020,2.0,1,1,1,0,2,4
2019,94748,CHICAGO,IL,60643,38.0,0.0,0.0,0.0,1,33,198,2015.0,1,2,1,1.0,30,1,1,1,1,3,0,1,1,0,2,2,12,5,7,2020,2.0,0,1,1,0,2,4
2020,94749,CHICAGO,IL,60643,38.0,0.0,0.0,0.0,1,2,8,2013.0,1,2,1,2.0,30,1,1,1,1,3,0,1,1,0,2,2,12,5,7,2020,2.0,0,1,1,0,2,4