,index,CITY,STATE,ZIPCODE,AGE,EJECTION,DRIVER_ACTION,BAC_RESULT,UNIT_TYPE,MAKE,MODEL,VEHICLE_YEAR,VEHICLE_TYPE,TRAVEL_DIRECTION,MANEUVER,FIRST_CONTACT_POINT,POSTED_SPEED_LIMIT,TRAFFIC_CONTROL_DEVICE,DEVICE_CONDITION,WEATHER_CONDITION,LIGHTING_CONDITION,FIRST_CRASH_TYPE,TRAFFICWAY_TYPE,ALIGNMENT,ROADWAY_SURFACE_COND,ROAD_DEFECT,STREET_DIRECTION,NUM_UNITS,CRASH_HOUR,CRASH_DAY_OF_WEEK,CRASH_MONTH,CRASH_YEAR,FATAL_DEGREE,SEX,INTERSECTION_RELATED,HIT_AND_RUN,REPORTYPE,DAMAGE_COST,FATAL_COND
2146,100563,BURR_RIDGE,IL,60527,51.0,0.0,0.0,0.0,1,4,5,2012.0,1,2,1,1.0,30,1,1,1,1,1,1,1,1,0,3,2,19,1,7,2020,3.0,1,1,0,1,3,4
2147,100564,BURR_RIDGE,IL,60527,51.0,0.0,0.0,0.0,1,27,1,2005.0,1,3,1,8.0,30,1,1,1,1,1,1,1,1,0,3,2,19,1,7,2020,3.0,1,1,0,1,3,4
2148,100568,BOLINGBROOK,IL,60440,36.9,0.0,-1.0,0.0,1,4,5,2017.0,1,3,1,10.0,30,2,1,2,1,1,1,1,2,0,1,2,11,1,7,2020,2.0,1,1,1,1,3,4
2149,100569,CHICAGO,IL,60615,43.0,0.0,0.0,0.0,1,1,163,2011.0,4,2,-1,1.0,30,2,1,2,1,1,1,1,2,0,1,2,11,1,7,2020,2.0,1,1,1,1,3,4
2150,100570,CHICAGO,IL,60615,43.0,0.0,0.0,0.0,1,4,5,2017.0,1,3,1,10.0,30,2,1,2,1,1,1,1,2,0,1,2,11,1,7,2020,2.0,1,1,1,1,3,4
2151,100581,LA_GRANGE_PARK,IL,60526,19.0,0.0,0.0,0.0,1,1,4,2013.0,1,3,3,1.0,30,1,1,1,2,1,0,1,1,0,1,4,22,7,7,2020,0.0,1,1,1,0,3,3
2152,100634,CHICAGO,IL,60643,20.0,0.0,0.0,0.0,1,8,81,2011.0,1,1,2,9.0,30,1,1,1,2,2,1,1,1,0,1,2,0,1,7,2020,0.0,1,1,1,0,2,3
2153,100691,CHICAGO,IL,60618,66.0,0.0,0.0,0.0,1,10,1,2004.0,1,3,1,1.0,30,1,1,1,2,1,1,1,1,0,2,2,1,1,7,2020,0.0,1,1,1,1,2,4
2154,100692,CHICAGO,IL,60618,66.0,0.0,0.0,0.0,1,3,3,2013.0,1,4,1,11.0,30,1,1,1,2,1,1,1,1,0,2,2,1,1,7,2020,0.0,1,1,1,1,2,4
2155,100707,CHICAGO,IL,60620,32.0,0.0,0.0,0.0,1,4,1,2018.0,1,1,1,1.0,30,2,1,1,2,1,3,1,1,0,1,2,1,1,7,2020,0.0,1,1,1,0,3,3
2156,100708,CHICAGO,IL,60620,32.0,0.0,0.0,0.0,1,1,99,2007.0,1,4,1,5.0,30,2,1,1,2,1,3,1,1,0,1,2,1,1,7,2020,0.0,1,1,1,0,3,3
2157,100729,CHICAGO,IL,60616,28.0,0.0,1.0,0.0,1,11,102,2002.0,1,4,1,1.0,30,1,1,1,2,6,0,1,1,0,1,2,0,1,7,2020,0.0,1,1,1,1,3,3
2158,100730,CHICAGO,IL,60616,28.0,0.0,1.0,0.0,1,4,29,2017.0,1,2,1,1.0,30,1,1,1,2,6,0,1,1,0,1,2,0,1,7,2020,0.0,1,1,1,1,3,3
2159,100731,CHICAGO,IL,60619,46.0,0.0,0.0,0.0,1,11,102,2002.0,1,4,1,1.0,30,1,1,1,2,6,0,1,1,0,1,2,0,1,7,2020,0.0,1,1,1,1,3,3
2160,100732,CHICAGO,IL,60619,46.0,0.0,0.0,0.0,1,4,29,2017.0,1,2,1,1.0,30,1,1,1,2,6,0,1,1,0,1,2,0,1,7,2020,0.0,1,1,1,1,3,3
2161,100767,CHICAGO,IL,60624,27.0,0.0,3.0,0.0,1,24,126,2020.0,1,4,4,1.0,35,1,1,1,2,2,1,1,1,0,2,4,2,1,7,2020,1.0,1,1,0,0,3,4
2162,100768,CHICAGO,IL,60624,27.0,0.0,3.0,0.0,1,4,29,2014.0,1,4,6,2.0,35,1,1,1,2,2,1,1,1,0,2,4,2,1,7,2020,1.0,1,1,0,0,3,4
2163,100769,CHICAGO,IL,60624,27.0,0.0,3.0,0.0,1,1,89,2013.0,1,1,1,4.0,35,1,1,1,2,2,1,1,1,0,2,4,2,1,7,2020,1.0,1,1,0,0,3,4
2164,100770,CHICAGO,IL,60624,27.0,0.0,3.0,0.0,1,8,55,2019.0,1,8,4,3.0,35,1,1,1,2,2,1,1,1,0,2,4,2,1,7,2020,1.0,1,1,0,0,3,4
2165,100771,CHICAGO,IL,60623,38.0,0.0,0.0,0.0,1,24,126,2020.0,1,4,4,1.0,35,1,1,1,2,2,1,1,1,0,2,4,2,1,7,2020,1.0,1,1,0,0,3,4
2166,100772,CHICAGO,IL,60623,38.0,0.0,0.0,0.0,1,4,29,2014.0,1,4,6,2.0,35,1,1,1,2,2,1,1,1,0,2,4,2,1,7,2020,1.0,1,1,0,0,3,4
2167,100773,CHICAGO,IL,60623,38.0,0.0,0.0,0.0,1,1,89,2013.0,1,1,1,4.0,35,1,1,1,2,2,1,1,1,0,2,4,2,1,7,2020,1.0,1,1,0,0,3,4
2168,100774,CHICAGO,IL,60623,38.0,0.0,0.0,0.0,1,8,55,2019.0,1,8,4,3.0,35,1,1,1,2,2,1,1,1,0,2,4,2,1,7,2020,1.0,1,1,0,0,3,4
2169,100775,CHICAGO,IL,60644,26.0,0.0,0.0,0.0,1,24,126,2020.0,1,4,4,1.0,35,1,1,1,2,2,1,1,1,0,2,4,2,1,7,2020,1.0,1,1,0,0,3,4
2170,100776,CHICAGO,IL,60644,26.0,0.0,0.0,0.0,1,4,29,2014.0,1,4,6,2.0,35,1,1,1,2,2,1,1,1,0,2,4,2,1,7,2020,1.0,1,1,0,0,3,4
2171,100777,CHICAGO,IL,60644,26.0,0.0,0.0,0.0,1,1,89,2013.0,1,1,1,4.0,35,1,1,1,2,2,1,1,1,0,2,4,2,1,7,2020,1.0,1,1,0,0,3,4
2172,100778,CHICAGO,IL,60644,26.0,0.0,0.0,0.0,1,8,55,2019.0,1,8,4,3.0,35,1,1,1,2,2,1,1,1,0,2,4,2,1,7,2020,1.0,1,1,0,0,3,4
2173,100779,CHICAGO,IL,60624,26.0,0.0,0.0,0.0,1,24,126,2020.0,1,4,4,1.0,35,1,1,1,2,2,1,1,1,0,2,4,2,1,7,2020,1.0,0,1,0,0,3,4
2174,100780,CHICAGO,IL,60624,26.0,0.0,0.0,0.0,1,4,29,2014.0,1,4,6,2.0,35,1,1,1,2,2,1,1,1,0,2,4,2,1,7,2020,1.0,0,1,0,0,3,4
2175,100781,CHICAGO,IL,60624,26.0,0.0,0.0,0.0,1,1,89,2013.0,1,1,1,4.0,35,1,1,1,2,2,1,1,1,0,2,4,2,1,7,2020,1.0,0,1,0,0,3,4
2176,100782,CHICAGO,IL,60624,26.0,0.0,0.0,0.0,1,8,55,2019.0,1,8,4,3.0,35,1,1,1,2,2,1,1,1,0,2,4,2,1,7,2020,1.0,0,1,0,0,3,4
2177,101131,CHICAGO,IL,60610,27.0,0.0,0.0,0.0,1,3,12,2020.0,1,1,2,3.0,30,1,1,1,1,2,0,1,1,0,3,2,14,1,7,2020,0.0,1,1,1,0,2,3
2178,101168,CHICAGO,IL,60617,49.0,0.0,0.0,0.0,1,3,3,2012.0,1,2,1,7.0,30,0,0,1,1,3,0,1,1,0,4,2,14,1,7,2020,0.0,1,1,1,1,1,3
2179,101312,UNKNOWN,XX,0,36.0,0.0,3.0,0.0,1,-1,1,2010.0,-1,1,1,1.0,25,2,0,1,1,1,4,1,1,0,2,4,17,1,7,2020,1.0,1,1,1,1,3,4
2180,101313,UNKNOWN,XX,0,36.0,0.0,3.0,0.0,1,39,181,2006.0,1,4,1,9.0,25,2,0,1,1,1,4,1,1,0,2,4,17,1,7,2020,1.0,1,1,1,1,3,4
2181,101314,UNKNOWN,XX,0,36.0,0.0,3.0,0.0,2,4,5,2006.0,1,4,5,2.0,25,2,0,1,1,1,4,1,1,0,2,4,17,1,7,2020,1.0,1,1,1,1,3,4
2182,101315,UNKNOWN,XX,0,36.0,0.0,3.0,0.0,2,2,9,2007.0,2,4,5,2.0,25,2,0,1,1,1,4,1,1,0,2,4,17,1,7,2020,1.0,1,1,1,1,3,4
2183,101316,CHICAGO,IL,60620,17.0,0.0,-1.0,0.0,1,-1,1,2010.0,-1,1,1,1.0,25,2,0,1,1,1,4,1,1,0,2,4,17,1,7,2020,1.0,0,1,1,1,3,4
2184,101317,CHICAGO,IL,60620,17.0,0.0,-1.0,0.0,1,39,181,2006.0,1,4,1,9.0,25,2,0,1,1,1,4,1,1,0,2,4,17,1,7,2020,1.0,0,1,1,1,3,4
2185,101318,CHICAGO,IL,60620,17.0,0.0,-1.0,0.0,2,4,5,2006.0,1,4,5,2.0,25,2,0,1,1,1,4,1,1,0,2,4,17,1,7,2020,1.0,0,1,1,1,3,4
2186,101319,CHICAGO,IL,60620,17.0,0.0,-1.0,0.0,2,2,9,2007.0,2,4,5,2.0,25,2,0,1,1,1,4,1,1,0,2,4,17,1,7,2020,1.0,0,1,1,1,3,4
2187,101377,UNKNOWN,XX,0,36.9,0.0,3.0,0.0,1,1,43,2011.0,2,3,1,-1.0,30,1,1,1,1,9,1,1,1,0,3,2,19,1,7,2020,2.0,0,1,1,1,3,4
2188,101379,CHICAGO,IL,60620,24.0,2.0,1.0,0.0,1,1,43,2011.0,2,3,1,-1.0,30,1,1,1,1,9,1,1,1,0,3,2,19,1,7,2020,2.0,1,1,1,1,3,2
2189,101384,CHICAGO,IL,60620,21.0,0.0,0.0,0.0,1,1,20,2011.0,1,5,1,10.0,30,2,1,1,1,2,4,1,1,0,3,2,13,1,7,2020,0.0,1,1,1,0,3,3
2190,101426,CHICAGO,IL,60620,38.0,0.0,3.0,0.0,1,8,15,2015.0,1,2,1,1.0,30,2,1,1,1,2,0,1,1,0,2,2,19,1,7,2020,3.0,0,1,1,1,3,4
2191,101427,CHICAGO,IL,60629,22.0,0.0,-1.0,0.0,1,-1,39,2010.0,1,6,4,2.0,30,2,1,1,1,2,0,1,1,0,2,2,19,1,7,2020,3.0,0,1,1,1,3,4
2192,101428,CHICAGO,IL,60629,22.0,0.0,-1.0,0.0,1,8,15,2015.0,1,2,1,1.0,30,2,1,1,1,2,0,1,1,0,2,2,19,1,7,2020,3.0,0,1,1,1,3,4
2193,101473,CHICAGO,IL,60629,36.9,0.0,1.0,0.0,1,3,104,2006.0,1,2,3,2.0,30,1,1,1,2,3,0,1,1,0,2,3,21,1,7,2020,2.0,1,0,1,1,3,4
2194,101474,CHICAGO,IL,60629,36.9,0.0,1.0,0.0,1,3,40,2010.0,1,2,3,2.0,30,1,1,1,2,3,0,1,1,0,2,3,21,1,7,2020,2.0,1,0,1,1,3,4
2195,101475,CHICAGO,IL,60608,44.0,0.0,0.0,0.0,1,19,1,2011.0,1,2,1,1.0,30,1,1,1,2,3,0,1,1,0,2,3,21,1,7,2020,2.0,1,0,1,1,3,4
2196,101476,CHICAGO,IL,60608,44.0,0.0,0.0,0.0,1,3,104,2006.0,1,2,3,2.0,30,1,1,1,2,3,0,1,1,0,2,3,21,1,7,2020,2.0,1,0,1,1,3,4
2197,101477,CHICAGO,IL,60608,44.0,0.0,0.0,0.0,1,3,40,2010.0,1,2,3,2.0,30,1,1,1,2,3,0,1,1,0,2,3,21,1,7,2020,2.0,1,0,1,1,3,4
2198,101478,CHICAGO,IL,60616,40.0,0.0,0.0,0.0,1,19,1,2011.0,1,2,1,1.0,30,1,1,1,2,3,0,1,1,0,2,3,21,1,7,2020,2.0,1,0,1,1,3,4
2199,101479,CHICAGO,IL,60616,40.0,0.0,0.0,0.0,1,3,104,2006.0,1,2,3,2.0,30,1,1,1,2,3,0,1,1,0,2,3,21,1,7,2020,2.0,1,0,1,1,3,4
2200,101480,CHICAGO,IL,60616,40.0,0.0,0.0,0.0,1,3,40,2010.0,1,2,3,2.0,30,1,1,1,2,3,0,1,1,0,2,3,21,1,7,2020,2.0,1,0,1,1,3,4
2201,101607,CHICAGO,IL,60628,36.9,0.0,7.0,0.0,1,13,36,2005.0,1,3,6,1.0,30,3,1,1,2,2,2,1,1,0,1,2,20,1,7,2020,2.0,0,1,1,0,3,4
2202,101608,CHICAGO,IL,60628,36.9,0.0,7.0,0.0,1,7,25,2016.0,2,2,2,3.0,30,3,1,1,2,2,2,1,1,0,1,2,20,1,7,2020,2.0,0,1,1,0,3,4
2203,101609,CHICAGO,IL,60624,38.0,0.0,0.0,0.0,1,13,36,2005.0,1,3,6,1.0,30,3,1,1,2,2,2,1,1,0,1,2,20,1,7,2020,2.0,0,1,1,0,3,4
2204,101610,CHICAGO,IL,60624,38.0,0.0,0.0,0.0,1,7,25,2016.0,2,2,2,3.0,30,3,1,1,2,2,2,1,1,0,1,2,20,1,7,2020,2.0,0,1,1,0,3,4
2205,101980,CHICAGO,IL,60634,34.0,0.0,0.0,0.0,1,23,182,2008.0,2,1,1,1.0,30,1,1,1,2,3,0,1,1,0,3,4,0,3,7,2020,0.0,0,1,1,1,3,4
2206,101981,CHICAGO,IL,60634,34.0,0.0,0.0,0.0,1,2,19,2008.0,2,1,3,2.0,30,1,1,1,2,3,0,1,1,0,3,4,0,3,7,2020,0.0,0,1,1,1,3,4
2207,101982,CHICAGO,IL,60634,34.0,0.0,0.0,0.0,2,4,29,2004.0,1,1,5,8.0,30,1,1,1,2,3,0,1,1,0,3,4,0,3,7,2020,0.0,0,1,1,1,3,4
2208,101983,CHICAGO,IL,60634,34.0,0.0,0.0,0.0,2,5,7,2011.0,1,1,5,8.0,30,1,1,1,2,3,0,1,1,0,3,4,0,3,7,2020,0.0,0,1,1,1,3,4
2209,102313,BELLWOOD,IL,60104,29.0,0.0,3.0,0.0,1,9,167,2002.0,1,3,1,1.0,30,1,1,1,3,1,2,1,1,0,2,2,0,2,7,2020,3.0,1,1,1,1,3,4
2210,102314,BELLWOOD,IL,60104,29.0,0.0,3.0,0.0,1,2,1,2016.0,1,4,1,6.0,30,1,1,1,3,1,2,1,1,0,2,2,0,2,7,2020,3.0,1,1,1,1,3,4
2211,102315,CHICAGO,IL,60617,49.0,0.0,0.0,0.0,1,9,167,2002.0,1,3,1,1.0,30,1,1,1,3,1,2,1,1,0,2,2,0,2,7,2020,3.0,1,1,1,1,3,4
2212,102316,CHICAGO,IL,60617,49.0,0.0,0.0,0.0,1,2,1,2016.0,1,4,1,6.0,30,1,1,1,3,1,2,1,1,0,2,2,0,2,7,2020,3.0,1,1,1,1,3,4
2213,102331,CHICAGO,IL,60651,32.0,0.0,0.0,0.0,1,4,187,2008.0,3,2,1,1.0,30,1,1,1,5,1,0,1,1,0,2,3,5,2,7,2020,0.0,1,1,1,1,3,4
2214,102332,CHICAGO,IL,60651,32.0,0.0,0.0,0.0,2,1,76,2007.0,1,2,5,9.0,30,1,1,1,5,1,0,1,1,0,2,3,5,2,7,2020,0.0,1,1,1,1,3,4
2215,102474,TALLAHASEE,FL,32303,22.0,0.0,0.0,0.0,1,13,171,2005.0,1,3,4,5.0,35,1,1,1,1,2,4,1,1,0,1,2,13,2,7,2020,0.0,0,1,1,0,3,3
2216,102484,CHICAGO,IL,60628,74.0,0.0,0.0,0.0,1,19,170,2014.0,1,2,4,10.0,30,2,0,1,1,2,8,2,1,0,1,2,12,2,7,2020,0.0,0,1,1,0,3,3
2217,102985,CHICAGO,IL,60617,26.0,0.0,0.0,0.0,1,19,90,2016.0,1,3,1,10.0,25,2,1,1,1,2,4,1,1,0,3,2,19,2,7,2020,0.0,1,1,1,1,2,3
2218,102992,BURBANK,IL,60459,41.0,0.0,0.0,1.0,1,4,11,2015.0,1,4,1,4.0,30,1,1,1,1,3,8,2,1,0,2,2,19,2,7,2020,0.0,0,1,0,0,2,3
2219,102993,BURBANK,IL,60459,41.0,0.0,0.0,1.0,1,8,16,2020.0,1,4,3,7.0,30,1,1,1,1,3,8,2,1,0,2,2,19,2,7,2020,0.0,0,1,0,0,2,3
2220,103034,CHICAGO,IL,60628,24.0,0.0,0.0,0.0,1,4,29,2020.0,1,3,1,1.0,30,2,1,1,4,1,1,1,1,0,1,2,20,2,7,2020,0.0,0,1,1,0,3,3
2221,103035,CHICAGO,IL,60628,24.0,0.0,0.0,0.0,1,1,6,2016.0,1,2,1,12.0,30,2,1,1,4,1,1,1,1,0,1,2,20,2,7,2020,0.0,0,1,1,0,3,3
2222,103422,CICERO,IL,60804,34.0,0.0,0.0,0.0,1,22,147,2006.0,1,4,1,2.0,30,1,1,1,1,3,0,1,1,0,2,3,14,3,7,2020,0.0,0,1,1,0,1,3
2223,104116,TALLAHASEE,FL,32303,36.9,0.0,3.0,0.0,1,1,4,2019.0,1,2,1,1.0,30,1,1,1,1,1,0,1,1,0,3,2,14,3,7,2020,2.0,1,1,1,0,3,4
2224,104117,TALLAHASEE,FL,32303,36.9,0.0,3.0,0.0,1,5,154,2005.0,1,3,1,6.0,30,1,1,1,1,1,0,1,1,0,3,2,14,3,7,2020,2.0,1,1,1,0,3,4
2225,104118,BLOOMINGTON,IL,61701,56.0,0.0,0.0,0.0,1,1,4,2019.0,1,2,1,1.0,30,1,1,1,1,1,0,1,1,0,3,2,14,3,7,2020,2.0,1,1,1,0,3,4
2226,104119,BLOOMINGTON,IL,61701,56.0,0.0,0.0,0.0,1,5,154,2005.0,1,3,1,6.0,30,1,1,1,1,1,0,1,1,0,3,2,14,3,7,2020,2.0,1,1,1,0,3,4
2227,104210,SCAUMBURG,IL,60173,51.0,0.0,0.0,0.0,1,47,247,2018.0,10,1,1,10.0,30,0,0,1,1,4,0,1,1,0,1,2,16,3,7,2020,0.0,1,1,1,1,3,4
2228,104353,CHICAGO,IL,60646,21.0,0.0,0.0,0.0,1,16,103,2002.0,1,2,2,8.0,30,1,1,1,1,2,0,1,1,0,2,2,18,3,7,2020,0.0,0,1,1,0,2,3
2229,104591,TALLAHASEE,FL,32303,38.0,0.0,6.0,0.0,1,2,8,2010.0,-1,4,13,4.0,30,1,1,2,2,5,0,1,2,0,2,2,22,3,7,2020,3.0,1,1,1,1,2,4
2230,104593,CHICAGO,IL,60646,57.0,-1.0,-1.0,-1.0,1,2,8,2010.0,-1,4,13,4.0,30,1,1,2,2,5,0,1,2,0,2,2,22,3,7,2020,3.0,0,1,1,1,2,0
2231,104599,CHICAGO,IL,60646,36.0,0.0,8.0,0.0,1,19,1,1996.0,1,2,14,1.0,30,1,1,2,2,4,0,1,2,0,2,2,22,3,7,2020,1.0,0,1,1,0,3,4
2232,104600,CHICAGO,IL,60646,36.0,0.0,8.0,0.0,1,1,6,2014.0,1,2,3,12.0,30,1,1,2,2,4,0,1,2,0,2,2,22,3,7,2020,1.0,0,1,1,0,3,4
2233,104601,CHARLESTON,IL,61920,26.0,0.0,0.0,0.0,1,19,1,1996.0,1,2,14,1.0,30,1,1,2,2,4,0,1,2,0,2,2,22,3,7,2020,1.0,1,1,1,0,3,4
2234,104602,CHARLESTON,IL,61920,26.0,0.0,0.0,0.0,1,1,6,2014.0,1,2,3,12.0,30,1,1,2,2,4,0,1,2,0,2,2,22,3,7,2020,1.0,1,1,1,0,3,4
2235,104609,CHICAGO,IL,60646,36.9,0.0,-1.0,0.0,1,-1,1,2011.0,-1,2,1,1.0,30,1,1,2,2,1,0,1,2,0,1,2,22,3,7,2020,2.0,0,1,1,1,3,4
2236,104610,CHICAGO,IL,60646,36.9,0.0,-1.0,0.0,1,2,31,2020.0,4,1,1,7.0,30,1,1,2,2,1,0,1,2,0,1,2,22,3,7,2020,2.0,0,1,1,1,3,4
2237,104611,CHICAGO,IL,60655,53.0,0.0,-1.0,0.0,1,-1,1,2011.0,-1,2,1,1.0,30,1,1,2,2,1,0,1,2,0,1,2,22,3,7,2020,2.0,1,1,1,1,3,4
2238,104612,CHICAGO,IL,60655,53.0,0.0,-1.0,0.0,1,2,31,2020.0,4,1,1,7.0,30,1,1,2,2,1,0,1,2,0,1,2,22,3,7,2020,2.0,1,1,1,1,3,4
2239,104761,CHICAGO,IL,60643,46.0,0.0,0.0,0.0,1,10,30,2002.0,1,1,3,2.0,30,1,1,1,1,3,2,1,1,0,1,3,10,7,6,2020,0.0,0,1,1,0,1,3
2240,104828,CHICAGO,IL,60643,36.9,-1.0,-1.0,0.0,1,-1,1,2011.0,-1,4,1,1.0,35,0,0,1,2,5,3,1,1,0,2,2,0,5,7,2020,2.0,0,1,1,1,1,4
2241,104830,CHICAGO,IL,60643,24.0,-1.0,0.0,0.0,1,-1,1,2011.0,-1,4,1,1.0,35,0,0,1,2,5,3,1,1,0,2,2,0,5,7,2020,2.0,0,1,1,1,1,0
2242,104836,CHICAGO,IL,60617,32.0,0.0,0.0,0.0,1,24,96,2006.0,1,4,1,1.0,30,0,0,1,2,2,0,1,1,0,2,2,0,5,7,2020,0.0,1,0,1,1,3,3
2243,104837,CHICAGO,IL,60617,32.0,0.0,0.0,0.0,1,1,27,2002.0,1,4,4,10.0,30,0,0,1,2,2,0,1,1,0,2,2,0,5,7,2020,0.0,1,0,1,1,3,3
2244,104851,ORLAND_HILLS,IL,60487,31.0,0.0,0.0,0.0,1,6,235,2019.0,3,7,2,7.0,30,1,1,3,1,2,1,1,1,0,2,2,13,4,7,2020,0.0,1,1,1,1,3,3
2245,104985,CHICAGO,IL,60638,20.0,0.0,1.0,0.0,1,8,55,2008.0,1,1,2,11.0,25,2,1,1,2,2,1,1,1,0,1,2,23,4,7,2020,0.0,0,1,1,0,3,3
2246,105088,CHICAGO,IL,60638,36.0,-1.0,-1.0,0.0,1,5,7,2007.0,1,4,1,4.0,30,2,1,1,1,1,2,1,1,0,3,3,9,5,7,2020,1.0,0,1,1,1,3,4
2247,105089,CHICAGO,IL,60638,36.0,-1.0,-1.0,0.0,1,13,72,2007.0,1,3,1,3.0,30,2,1,1,1,1,2,1,1,0,3,3,9,5,7,2020,1.0,0,1,1,1,3,4
2248,105090,CHICAGO,IL,60644,30.0,0.0,-1.0,0.0,1,-1,1,2010.0,1,3,1,3.0,30,2,1,1,1,1,2,1,1,0,3,3,9,5,7,2020,1.0,0,1,1,1,3,4
2249,105091,CHICAGO,IL,60644,30.0,0.0,-1.0,0.0,1,5,7,2007.0,1,4,1,4.0,30,2,1,1,1,1,2,1,1,0,3,3,9,5,7,2020,1.0,0,1,1,1,3,4
2250,105092,CHICAGO,IL,60644,30.0,0.0,-1.0,0.0,1,13,72,2007.0,1,3,1,3.0,30,2,1,1,1,1,2,1,1,0,3,3,9,5,7,2020,1.0,0,1,1,1,3,4
2251,105093,CHICAGO,IL,60619,22.0,0.0,-1.0,0.0,1,-1,1,2010.0,1,3,1,3.0,30,2,1,1,1,1,2,1,1,0,3,3,9,5,7,2020,1.0,1,1,1,1,3,4
2252,105094,CHICAGO,IL,60619,22.0,0.0,-1.0,0.0,1,5,7,2007.0,1,4,1,4.0,30,2,1,1,1,1,2,1,1,0,3,3,9,5,7,2020,1.0,1,1,1,1,3,4
2253,105095,CHICAGO,IL,60619,22.0,0.0,-1.0,0.0,1,13,72,2007.0,1,3,1,3.0,30,2,1,1,1,1,2,1,1,0,3,3,9,5,7,2020,1.0,1,1,1,1,3,4
2254,105273,CHICAGO,IL,60618,59.0,0.0,0.0,0.0,1,10,22,2018.0,3,3,3,2.0,35,1,1,1,2,3,3,1,1,0,1,2,0,4,7,2020,0.0,1,1,1,0,1,3
2255,105288,CHICAGO,IL,60609,72.0,0.0,0.0,0.0,1,7,10,2008.0,2,3,1,1.0,30,2,1,1,2,1,1,1,1,0,1,2,3,4,7,2020,0.0,1,1,1,1,3,4
2256,105584,CHICAGO,IL,60609,38.0,0.0,2.0,0.0,1,3,57,2015.0,2,3,9,-1.0,30,1,1,1,1,5,0,1,1,0,1,2,13,4,7,2020,3.0,0,1,1,1,3,4
2257,105586,CHICAGO,IL,60609,52.0,-1.0,0.0,0.0,1,3,57,2015.0,2,3,9,-1.0,30,1,1,1,1,5,0,1,1,0,1,2,13,4,7,2020,3.0,1,1,1,1,3,0
2258,105609,CHICAGO,IL,60619,23.0,0.0,-1.0,0.0,1,8,1,2013.0,1,3,1,1.0,30,0,0,1,1,3,3,1,-1,0,1,2,14,4,7,2020,2.0,0,1,1,1,3,4
2259,105610,CHICAGO,IL,60619,23.0,0.0,-1.0,0.0,1,22,1,2016.0,1,3,3,2.0,30,0,0,1,1,3,3,1,-1,0,1,2,14,4,7,2020,2.0,0,1,1,1,3,4
2260,105611,CHICAGO,IL,60628,20.0,0.0,0.0,0.0,1,8,1,2013.0,1,3,1,1.0,30,0,0,1,1,3,3,1,-1,0,1,2,14,4,7,2020,2.0,0,1,1,1,3,4
2261,105612,CHICAGO,IL,60628,20.0,0.0,0.0,0.0,1,22,1,2016.0,1,3,3,2.0,30,0,0,1,1,3,3,1,-1,0,1,2,14,4,7,2020,2.0,0,1,1,1,3,4
2262,105651,CHICAGO,IL,60613,60.0,0.0,5.0,0.0,1,3,3,2009.0,1,3,12,7.0,30,1,1,1,1,2,2,1,1,0,3,3,15,4,7,2020,0.0,1,1,1,1,3,4
2263,105652,CHICAGO,IL,60613,60.0,0.0,5.0,0.0,1,2,82,2014.0,1,3,1,3.0,30,1,1,1,1,2,2,1,1,0,3,3,15,4,7,2020,0.0,1,1,1,1,3,4
2264,105654,NILES,IL,60714,58.0,0.0,0.0,0.0,1,3,3,2009.0,1,3,12,7.0,30,1,1,1,1,2,2,1,1,0,3,3,15,4,7,2020,0.0,1,1,1,1,3,4
2265,105655,NILES,IL,60714,58.0,0.0,0.0,0.0,1,2,82,2014.0,1,3,1,3.0,30,1,1,1,1,2,2,1,1,0,3,3,15,4,7,2020,0.0,1,1,1,1,3,4
2266,105902,HENRICO,VA,23229,21.0,0.0,0.0,0.0,1,4,5,2018.0,1,2,3,9.0,30,0,0,1,1,4,0,1,1,0,2,2,17,4,7,2020,0.0,1,1,1,1,3,3
2267,105978,CHICAGO,IL,60617,20.0,0.0,0.0,0.0,1,5,7,2008.0,1,1,1,5.0,30,1,1,1,1,4,0,1,1,0,1,2,15,4,7,2020,0.0,1,1,1,0,2,3
2268,106487,DALLAS,TX,75228,28.0,0.0,0.0,0.0,1,-1,1,2011.0,1,2,1,4.0,35,1,1,1,1,9,7,1,1,0,1,2,6,6,7,2020,2.0,1,1,1,1,1,2
2269,106504,NORTHLAKE,IL,60164,47.0,0.0,1.0,0.0,1,8,34,2005.0,1,4,1,3.0,30,2,0,1,1,1,3,1,1,0,1,2,11,5,7,2020,0.0,1,1,1,0,3,3