,index,CITY,STATE,ZIPCODE,AGE,EJECTION,DRIVER_ACTION,BAC_RESULT,UNIT_TYPE,MAKE,MODEL,VEHICLE_YEAR,VEHICLE_TYPE,TRAVEL_DIRECTION,MANEUVER,FIRST_CONTACT_POINT,POSTED_SPEED_LIMIT,TRAFFIC_CONTROL_DEVICE,DEVICE_CONDITION,WEATHER_CONDITION,LIGHTING_CONDITION,FIRST_CRASH_TYPE,TRAFFICWAY_TYPE,ALIGNMENT,ROADWAY_SURFACE_COND,ROAD_DEFECT,STREET_DIRECTION,NUM_UNITS,CRASH_HOUR,CRASH_DAY_OF_WEEK,CRASH_MONTH,CRASH_YEAR,FATAL_DEGREE,SEX,INTERSECTION_RELATED,HIT_AND_RUN,REPORTYPE,DAMAGE_COST,FATAL_COND
2520,118557,EVANSTON,IL,60202,34.0,0.0,0.0,0.0,1,18,1,2002.0,2,3,1,6.0,30,2,1,1,2,1,1,1,1,0,1,2,22,3,7,2020,0.0,0,1,1,1,3,3
2521,118614,CHICAGO,IL,60617,33.0,0.0,0.0,0.0,1,8,16,2016.0,1,3,1,2.0,40,1,1,1,2,3,4,3,1,0,1,2,4,3,7,2020,0.0,0,1,1,1,3,4
2522,118690,UNKNOWN,XX,0,36.9,0.0,2.0,0.0,1,20,94,2011.0,1,2,2,4.0,30,1,1,1,1,5,1,1,1,0,2,2,13,3,7,2020,2.0,1,1,1,0,1,4
2523,118692,CHICAGO,IL,60617,26.0,-1.0,0.0,0.0,1,20,94,2011.0,1,2,2,4.0,30,1,1,1,1,5,1,1,1,0,2,2,13,3,7,2020,2.0,0,1,1,0,1,0
2524,118796,CHICAGO,IL,60610,68.0,0.0,0.0,0.0,1,34,1,2018.0,1,4,3,1.0,30,1,1,1,1,1,0,1,1,0,2,2,15,3,7,2020,0.0,1,1,1,1,3,3
2525,118808,CHICAGO_RIDGE,IL,60415,29.0,0.0,0.0,0.0,1,8,16,2013.0,1,2,1,11.0,30,2,1,1,1,4,10,1,1,0,1,2,18,3,7,2020,0.0,1,1,1,1,3,4
2526,119069,CHICAGO,IL,60617,57.0,0.0,0.0,0.0,1,1,118,2000.0,1,4,1,12.0,20,2,1,1,2,1,1,1,1,0,1,4,22,4,7,2020,0.0,1,1,1,1,3,4
2527,119100,CHICAGO,IL,60617,38.0,0.0,-1.0,0.0,1,-1,2,2010.0,1,3,2,3.0,30,1,1,1,2,5,0,1,1,0,2,2,21,4,7,2020,3.0,0,1,1,1,3,4
2528,119102,CHICAGO,IL,60617,49.0,-1.0,0.0,0.0,1,-1,2,2010.0,1,3,2,3.0,30,1,1,1,2,5,0,1,1,0,2,2,21,4,7,2020,3.0,1,1,1,1,3,0
2529,119279,CHICAGO,IL,60644,36.9,0.0,2.0,0.0,1,52,320,1991.0,1,4,1,1.0,30,1,1,1,1,1,1,1,1,0,3,2,12,2,7,2020,2.0,1,1,1,0,3,4
2530,119280,CHICAGO,IL,60644,36.9,0.0,2.0,0.0,1,3,209,2020.0,1,1,1,10.0,30,1,1,1,1,1,1,1,1,0,3,2,12,2,7,2020,2.0,1,1,1,0,3,4
2531,119281,APOKA,FL,32712,42.0,0.0,0.0,0.0,1,52,320,1991.0,1,4,1,1.0,30,1,1,1,1,1,1,1,1,0,3,2,12,2,7,2020,2.0,0,1,1,0,3,4
2532,119282,APOKA,FL,32712,42.0,0.0,0.0,0.0,1,3,209,2020.0,1,1,1,10.0,30,1,1,1,1,1,1,1,1,0,3,2,12,2,7,2020,2.0,0,1,1,0,3,4
2533,119756,CHICAGO,IL,60615,20.0,0.0,1.0,0.0,1,1,4,2002.0,1,4,2,3.0,30,1,1,1,1,2,0,1,1,0,4,2,18,5,7,2020,0.0,0,1,1,1,3,4
2534,119761,MINNEAPOLIS,IL,55411,23.0,0.0,3.0,0.0,1,8,282,2006.0,3,4,1,1.0,30,1,1,1,1,2,0,1,1,0,1,3,18,5,7,2020,2.0,0,1,1,1,3,4
2535,119762,MINNEAPOLIS,IL,55411,23.0,0.0,3.0,0.0,1,6,63,2008.0,1,3,4,3.0,30,1,1,1,1,2,0,1,1,0,1,3,18,5,7,2020,2.0,0,1,1,1,3,4
2536,119763,MINNEAPOLIS,IL,55411,23.0,0.0,3.0,0.0,2,4,175,1999.0,1,2,5,3.0,30,1,1,1,1,2,0,1,1,0,1,3,18,5,7,2020,2.0,0,1,1,1,3,4
2537,119764,CHICAGO,IL,60636,69.0,0.0,0.0,0.0,1,8,282,2006.0,3,4,1,1.0,30,1,1,1,1,2,0,1,1,0,1,3,18,5,7,2020,2.0,0,1,1,1,3,4
2538,119765,CHICAGO,IL,60636,69.0,0.0,0.0,0.0,1,6,63,2008.0,1,3,4,3.0,30,1,1,1,1,2,0,1,1,0,1,3,18,5,7,2020,2.0,0,1,1,1,3,4
2539,119766,CHICAGO,IL,60636,69.0,0.0,0.0,0.0,2,4,175,1999.0,1,2,5,3.0,30,1,1,1,1,2,0,1,1,0,1,3,18,5,7,2020,2.0,0,1,1,1,3,4
2540,119807,CHICAGO,IL,60636,36.0,-1.0,2.0,0.0,1,13,72,2005.0,1,-1,4,-1.0,35,0,0,1,1,2,2,1,1,0,4,2,18,5,7,2020,1.0,0,0,1,1,3,4
2541,119808,CHICAGO,IL,60636,36.0,-1.0,2.0,0.0,1,2,8,2010.0,1,2,1,1.0,35,0,0,1,1,2,2,1,1,0,4,2,18,5,7,2020,1.0,0,0,1,1,3,4
2542,119809,CHICAGO,IL,60637,18.0,0.0,0.0,0.0,1,13,72,2005.0,1,-1,4,-1.0,35,0,0,1,1,2,2,1,1,0,4,2,18,5,7,2020,1.0,0,0,1,1,3,4
2543,119810,CHICAGO,IL,60637,18.0,0.0,0.0,0.0,1,2,8,2010.0,1,2,1,1.0,35,0,0,1,1,2,2,1,1,0,4,2,18,5,7,2020,1.0,0,0,1,1,3,4
2544,119843,CHICAGO,IL,60628,48.0,0.0,0.0,0.0,1,7,48,2015.0,2,2,1,4.0,30,1,1,3,4,4,2,1,1,0,4,2,19,5,7,2020,0.0,0,1,1,0,2,3
2545,119941,CHICAGO,IL,60629,27.0,0.0,2.0,0.0,1,2,8,2010.0,1,2,1,-1.0,30,2,1,1,1,1,2,1,1,0,1,3,8,4,7,2020,1.0,1,1,0,1,3,4
2546,119942,CHICAGO,IL,60629,27.0,0.0,2.0,0.0,1,-1,2,2010.0,-1,-1,-1,-1.0,30,2,1,1,1,1,2,1,1,0,1,3,8,4,7,2020,1.0,1,1,0,1,3,4
2547,119943,CHICAGO,IL,60629,27.0,0.0,2.0,0.0,1,16,260,2004.0,1,3,1,-1.0,30,2,1,1,1,1,2,1,1,0,1,3,8,4,7,2020,1.0,1,1,0,1,3,4
2548,119946,CHICAGO,IL,60629,36.0,0.0,-1.0,0.0,1,16,260,2004.0,1,3,1,-1.0,30,2,1,1,1,1,2,1,1,0,1,3,8,4,7,2020,1.0,1,1,0,1,3,4
2549,119947,CHICAGO,IL,60652,62.0,0.0,0.0,0.0,1,2,8,2010.0,1,2,1,-1.0,30,2,1,1,1,1,2,1,1,0,1,3,8,4,7,2020,1.0,0,1,0,1,3,4
2550,119948,CHICAGO,IL,60652,62.0,0.0,0.0,0.0,1,-1,2,2010.0,-1,-1,-1,-1.0,30,2,1,1,1,1,2,1,1,0,1,3,8,4,7,2020,1.0,0,1,0,1,3,4
2551,119949,CHICAGO,IL,60652,62.0,0.0,0.0,0.0,1,16,260,2004.0,1,3,1,-1.0,30,2,1,1,1,1,2,1,1,0,1,3,8,4,7,2020,1.0,0,1,0,1,3,4
2552,120178,CHICAGO,IL,60619,21.0,0.0,0.0,0.0,1,12,32,2014.0,1,2,1,11.0,30,2,0,1,1,2,1,1,1,0,4,2,15,4,7,2020,0.0,1,1,1,0,2,3
2553,120190,CHICAGO,IL,60644,64.0,0.0,1.0,0.0,1,8,16,2020.0,1,2,7,8.0,30,1,1,2,1,3,0,1,2,0,2,2,15,4,7,2020,0.0,0,1,1,1,3,3
2554,120420,CHICAGO,IL,60644,34.0,0.0,1.0,0.0,1,13,321,2008.0,1,4,1,1.0,20,1,1,2,1,2,1,1,2,-1,4,2,16,4,7,2020,0.0,1,1,1,1,2,3
2555,120421,MATTESON,IL,60443,23.0,0.0,0.0,0.0,1,1,4,2018.0,1,3,1,3.0,30,1,1,2,1,1,2,1,2,0,2,2,16,4,7,2020,0.0,0,1,1,0,3,3
2556,120490,DOLTON,IL,60419,44.0,0.0,0.0,0.0,1,2,19,2016.0,2,1,3,2.0,30,1,1,3,1,4,3,1,1,0,1,2,13,4,7,2020,0.0,0,1,1,0,2,3
2557,120510,CHICAGO,IL,60659,45.0,0.0,0.0,0.0,1,21,1,2008.0,1,1,2,2.0,30,1,0,2,1,2,9,1,2,0,1,2,17,4,7,2020,0.0,1,1,1,0,2,3
2558,120665,CHICAGO,IL,60629,28.0,0.0,0.0,0.0,1,1,43,2003.0,2,3,1,1.0,30,0,0,2,1,2,2,1,2,0,3,2,17,4,7,2020,0.0,1,1,1,0,2,3
2559,120753,CHICAGO,IL,60609,31.0,0.0,0.0,0.0,1,3,64,2011.0,1,4,2,6.0,30,1,1,2,2,2,1,1,2,0,2,2,23,4,7,2020,0.0,1,1,1,0,3,3
2560,120867,CHICAGO,IL,60612,47.0,0.0,0.0,0.0,1,15,131,2003.0,1,2,1,3.0,30,1,1,1,2,2,0,1,1,0,2,2,1,7,7,2020,0.0,0,1,1,1,3,4
2561,120868,CHICAGO,IL,60612,47.0,0.0,0.0,0.0,1,1,129,2003.0,1,1,2,3.0,30,1,1,1,2,2,0,1,1,0,2,2,1,7,7,2020,0.0,0,1,1,1,3,4
2562,121064,WARRENVILLE,IL,60555,16.0,0.0,0.0,0.0,1,2,68,2005.0,1,2,13,9.0,35,1,1,1,3,4,0,1,1,0,2,2,21,4,7,2020,0.0,0,1,1,0,3,3
2563,121065,WARRENVILLE,IL,60555,16.0,0.0,0.0,0.0,1,23,278,2012.0,1,2,1,11.0,35,1,1,1,3,4,0,1,1,0,2,2,21,4,7,2020,0.0,0,1,1,0,3,3
2564,121240,BLUE_ASH,OH,45252,38.0,0.0,4.0,0.0,1,4,5,2020.0,1,1,1,1.0,35,1,1,1,1,3,1,1,1,0,4,3,17,5,7,2020,3.0,1,1,1,1,3,4
2565,121241,BLUE_ASH,OH,45252,38.0,0.0,4.0,0.0,1,11,35,2011.0,1,1,1,7.0,35,1,1,1,1,3,1,1,1,0,4,3,17,5,7,2020,3.0,1,1,1,1,3,4
2566,121242,BLUE_ASH,OH,45252,38.0,0.0,4.0,0.0,1,11,133,2002.0,1,4,2,8.0,35,1,1,1,1,3,1,1,1,0,4,3,17,5,7,2020,3.0,1,1,1,1,3,4
2567,121243,CHICAGO,IL,60628,18.0,0.0,-1.0,0.0,1,4,5,2020.0,1,1,1,1.0,35,1,1,1,1,3,1,1,1,0,4,3,17,5,7,2020,3.0,1,1,1,1,3,4
2568,121244,CHICAGO,IL,60628,18.0,0.0,-1.0,0.0,1,11,35,2011.0,1,1,1,7.0,35,1,1,1,1,3,1,1,1,0,4,3,17,5,7,2020,3.0,1,1,1,1,3,4
2569,121245,CHICAGO,IL,60628,18.0,0.0,-1.0,0.0,1,11,133,2002.0,1,4,2,8.0,35,1,1,1,1,3,1,1,1,0,4,3,17,5,7,2020,3.0,1,1,1,1,3,4
2570,121246,HAMMOND,IN,46324,62.0,0.0,0.0,0.0,1,4,5,2020.0,1,1,1,1.0,35,1,1,1,1,3,1,1,1,0,4,3,17,5,7,2020,3.0,0,1,1,1,3,4
2571,121247,HAMMOND,IN,46324,62.0,0.0,0.0,0.0,1,11,35,2011.0,1,1,1,7.0,35,1,1,1,1,3,1,1,1,0,4,3,17,5,7,2020,3.0,0,1,1,1,3,4
2572,121248,HAMMOND,IN,46324,62.0,0.0,0.0,0.0,1,11,133,2002.0,1,4,2,8.0,35,1,1,1,1,3,1,1,1,0,4,3,17,5,7,2020,3.0,0,1,1,1,3,4
2573,121410,CHICAGO,IL,60623,47.0,0.0,0.0,0.0,1,2,220,2020.0,7,2,1,11.0,30,1,1,1,1,2,1,1,1,0,1,2,13,5,7,2020,0.0,1,1,1,1,3,4
2574,121532,CHICAGO,IL,60651,33.0,0.0,0.0,0.0,1,2,9,2002.0,2,2,1,1.0,30,2,1,1,1,3,1,1,1,0,2,2,8,6,7,2020,0.0,0,1,1,1,1,3
2575,121533,CHICAGO,IL,60651,33.0,0.0,0.0,0.0,1,4,33,2016.0,1,2,3,2.0,30,2,1,1,1,3,1,1,1,0,2,2,8,6,7,2020,0.0,0,1,1,1,1,3
2576,121795,CHICAGO,IL,60624,38.0,0.0,0.0,0.0,1,9,42,2003.0,1,1,1,4.0,30,0,0,1,1,4,0,1,1,0,3,2,13,6,7,2020,0.0,1,1,1,0,3,3
2577,121833,CHICAGO,IL,60624,19.0,0.0,0.0,0.0,1,17,52,2011.0,1,2,1,1.0,30,2,1,1,1,1,4,1,1,0,3,2,12,6,7,2020,0.0,1,1,1,1,3,4
2578,122290,CHICAGO,IL,60618,47.0,0.0,0.0,0.0,1,1,1,2016.0,1,3,3,1.0,30,1,1,1,1,3,0,1,1,0,3,2,17,6,7,2020,0.0,1,1,1,0,3,3
2579,122291,CHICAGO,IL,60618,47.0,0.0,0.0,0.0,1,7,359,2007.0,1,3,3,2.0,30,1,1,1,1,3,0,1,1,0,3,2,17,6,7,2020,0.0,1,1,1,0,3,3
2580,122518,CHICAGO,IL,60639,51.0,0.0,0.0,0.0,1,5,1,2020.0,1,3,1,2.0,30,2,1,1,1,3,0,1,1,0,3,2,13,5,7,2020,0.0,0,1,1,1,2,3
2581,122623,CHICAGO,IL,60623,63.0,0.0,1.0,0.0,1,6,22,2012.0,1,7,2,11.0,30,1,1,1,1,2,0,1,1,0,1,2,11,5,7,2020,0.0,1,1,1,0,3,3
2582,122654,CHICAGO,IL,60623,54.0,0.0,-1.0,0.0,1,-1,1,2011.0,-1,-1,-1,-1.0,20,2,1,1,1,9,1,1,1,0,1,2,13,5,7,2020,2.0,1,1,1,1,2,2
2583,122732,CHICAGO,IL,60644,31.0,0.0,0.0,0.0,1,17,52,2014.0,1,3,1,1.0,30,1,1,1,1,6,2,1,1,0,1,3,16,5,7,2020,0.0,0,1,1,0,3,4
2584,122738,NEW_YORK,NY,10012,22.0,0.0,1.0,0.0,1,17,52,2014.0,1,3,1,1.0,30,1,1,1,1,6,2,1,1,0,1,3,16,5,7,2020,0.0,1,1,1,0,3,4
2585,122851,CHICAGO,IL,60629,39.0,0.0,0.0,0.0,1,4,18,2018.0,2,2,1,4.0,30,2,1,1,1,2,2,1,1,0,1,2,16,5,7,2020,0.0,0,1,1,1,3,3
2586,122925,CHICAGO,IL,60629,30.0,0.0,0.0,0.0,1,1,177,2008.0,1,4,1,3.0,30,2,1,1,1,1,0,1,1,0,2,2,15,5,7,2020,0.0,0,1,1,1,3,4
2587,123038,CHICAGO,IL,60623,22.0,0.0,0.0,0.0,1,8,16,2001.0,1,1,1,10.0,30,2,1,1,1,1,1,1,1,0,1,2,19,5,7,2020,0.0,0,1,1,1,2,3
2588,123125,CHICAGO,IL,60641,33.0,0.0,0.0,0.0,1,4,11,2013.0,1,4,1,3.0,30,1,1,1,2,1,1,1,1,-1,2,2,22,5,7,2020,0.0,0,1,1,0,3,3
2589,123138,DOLTON,IL,60419,59.0,0.0,0.0,0.0,1,8,15,2008.0,1,4,1,11.0,30,0,0,1,2,4,2,1,1,0,1,2,22,5,7,2020,0.0,0,1,1,0,2,3
2590,123157,CHICAGO,IL,60626,27.0,0.0,0.0,0.0,1,3,28,2018.0,2,2,2,8.0,30,2,1,1,2,2,1,1,1,0,2,3,22,5,7,2020,0.0,0,1,1,1,3,4
2591,123158,CHICAGO,IL,60626,27.0,0.0,0.0,0.0,2,26,185,2004.0,2,1,5,8.0,30,2,1,1,2,2,1,1,1,0,2,3,22,5,7,2020,0.0,0,1,1,1,3,4
2592,123225,CHICAGO,IL,60639,37.0,0.0,1.0,0.0,1,9,73,2003.0,2,3,10,2.0,35,1,1,1,2,2,0,1,1,0,2,4,23,5,7,2020,0.0,1,1,1,1,3,4
2593,123226,CHICAGO,IL,60639,37.0,0.0,1.0,0.0,1,4,11,2017.0,1,2,4,1.0,35,1,1,1,2,2,0,1,1,0,2,4,23,5,7,2020,0.0,1,1,1,1,3,4
2594,123227,CHICAGO,IL,60639,37.0,0.0,1.0,0.0,2,5,38,2005.0,3,4,5,3.0,35,1,1,1,2,2,0,1,1,0,2,4,23,5,7,2020,0.0,1,1,1,1,3,4
2595,123228,CHICAGO,IL,60639,37.0,0.0,1.0,0.0,2,2,19,2007.0,2,4,5,1.0,35,1,1,1,2,2,0,1,1,0,2,4,23,5,7,2020,0.0,1,1,1,1,3,4
2596,123260,CHIC,IL,60649,43.0,0.0,2.0,0.0,1,19,1,2012.0,1,2,2,2.0,35,2,1,1,3,2,4,1,1,0,1,2,23,5,7,2020,0.0,0,1,1,0,3,4
2597,123557,OAK_PARK,IL,60302,34.0,0.0,0.0,0.0,1,2,24,2012.0,1,3,1,1.0,30,2,1,1,1,1,1,1,1,0,1,2,14,5,7,2020,0.0,0,1,1,1,3,4
2598,123621,DOLTON,IL,60419,36.9,-1.0,3.0,0.0,1,8,15,2011.0,-1,4,1,-1.0,30,1,1,1,2,1,3,1,1,-1,3,2,21,5,7,2020,2.0,0,1,1,1,3,4
2599,123622,DOLTON,IL,60419,36.9,-1.0,3.0,0.0,1,12,32,2019.0,1,3,1,-1.0,30,1,1,1,2,1,3,1,1,-1,3,2,21,5,7,2020,2.0,0,1,1,1,3,4
2600,123623,CHICAGO,IL,60632,61.0,-1.0,-1.0,0.0,1,8,15,2011.0,-1,4,1,-1.0,30,1,1,1,2,1,3,1,1,-1,3,2,21,5,7,2020,2.0,1,1,1,1,3,4
2601,123624,CHICAGO,IL,60632,61.0,-1.0,-1.0,0.0,1,12,32,2019.0,1,3,1,-1.0,30,1,1,1,2,1,3,1,1,-1,3,2,21,5,7,2020,2.0,1,1,1,1,3,4
2602,123726,SNELLVILLE,GA,30078,43.0,0.0,0.0,0.0,1,10,67,2009.0,1,3,6,4.0,30,1,1,1,1,4,0,1,1,0,1,2,13,6,7,2020,0.0,0,1,1,1,3,3
2603,123727,SNELLVILLE,GA,30078,43.0,0.0,0.0,0.0,1,2,31,2020.0,4,3,1,7.0,30,1,1,1,1,4,0,1,1,0,1,2,13,6,7,2020,0.0,0,1,1,1,3,3
2604,123842,CHICAGO,IL,60659,36.0,0.0,0.0,0.0,1,3,74,1997.0,2,1,3,7.0,25,1,0,1,1,3,1,1,1,0,1,2,15,6,7,2020,0.0,0,1,1,0,2,3
2605,123976,CHICAGO,IL,60641,56.0,0.0,0.0,0.0,1,4,33,2008.0,1,3,1,1.0,30,1,1,1,2,2,1,1,1,0,3,2,21,6,7,2020,0.0,0,1,1,1,3,3
2606,124133,DOLTON,IL,60419,36.9,0.0,1.0,0.0,1,-1,1,2011.0,1,4,1,1.0,30,1,1,1,2,5,5,1,1,0,2,2,1,7,8,2020,2.0,0,1,1,1,3,4
2607,124157,CHICAGO,IL,60623,33.0,0.0,0.0,0.0,1,23,111,2011.0,1,3,1,11.0,30,2,1,1,1,1,0,1,1,0,3,2,7,7,8,2020,0.0,0,1,1,1,3,4
2608,124272,UNKNOWN,XX,0,36.9,0.0,-1.0,0.0,1,4,5,2011.0,1,4,1,3.0,30,1,1,1,1,5,0,1,1,0,2,2,10,7,8,2020,2.0,0,1,1,1,1,4
2609,124274,CHICAGO,IL,60640,46.0,-1.0,1.0,0.0,1,4,5,2011.0,1,4,1,3.0,30,1,1,1,1,5,0,1,1,0,2,2,10,7,8,2020,2.0,1,1,1,1,1,0
2610,124304,UNKNOWN,XX,0,36.0,0.0,2.0,0.0,1,13,1,2005.0,1,4,2,3.0,20,2,0,3,1,5,0,1,1,0,2,2,11,7,8,2020,1.0,0,1,1,1,3,4
2611,124306,CHICAGO,IL,60652,26.0,-1.0,-1.0,0.0,1,13,1,2005.0,1,4,2,3.0,20,2,0,3,1,5,0,1,1,0,2,2,11,7,8,2020,1.0,0,1,1,1,3,0
2612,124537,UNKNOWN,XX,0,36.0,0.0,3.0,0.0,1,6,22,2016.0,3,4,1,-1.0,30,1,1,1,1,1,1,1,1,0,1,2,15,7,8,2020,1.0,0,1,1,1,2,4
2613,124538,UNKNOWN,XX,0,36.0,0.0,3.0,0.0,1,8,16,2019.0,1,1,1,10.0,30,1,1,1,1,1,1,1,1,0,1,2,15,7,8,2020,1.0,0,1,1,1,2,4
2614,124539,CHICAGO,IL,60621,64.0,0.0,0.0,0.0,1,6,22,2016.0,3,4,1,-1.0,30,1,1,1,1,1,1,1,1,0,1,2,15,7,8,2020,1.0,0,1,1,1,2,4
2615,124540,CHICAGO,IL,60621,64.0,0.0,0.0,0.0,1,8,16,2019.0,1,1,1,10.0,30,1,1,1,1,1,1,1,1,0,1,2,15,7,8,2020,1.0,0,1,1,1,2,4
2616,124888,CHICAGO,IL,60608,25.0,0.0,0.0,0.0,1,16,223,2008.0,1,2,1,6.0,30,1,1,2,2,1,1,1,2,0,2,2,23,7,8,2020,0.0,1,1,1,1,3,4
2617,124899,UNKNOWN,XX,0,36.9,0.0,-1.0,0.0,1,-1,1,2011.0,-1,1,1,1.0,30,1,1,1,2,5,3,1,1,0,1,2,4,6,7,2020,2.0,0,1,1,1,3,4
2618,124901,UNKNOWN,XX,0,46.0,-1.0,-1.0,0.0,1,-1,1,2011.0,-1,1,1,1.0,30,1,1,1,2,5,3,1,1,0,1,2,4,6,7,2020,2.0,1,1,1,1,3,0
2619,125079,CHICAGO,IL,60625,37.0,0.0,-1.0,0.0,1,4,18,2008.0,2,4,1,6.0,30,0,0,1,1,1,2,1,1,0,2,2,12,6,7,2020,0.0,0,1,1,1,3,3
2620,125183,CHICAGO,IL,60625,17.0,0.0,0.0,0.0,1,2,1,2014.0,2,1,1,1.0,30,1,1,1,1,2,0,1,1,0,2,2,13,6,7,2020,0.0,0,1,1,0,2,3
2621,125184,CHICAGO,IL,60625,17.0,0.0,0.0,0.0,1,15,131,2009.0,1,4,2,6.0,30,1,1,1,1,2,0,1,1,0,2,2,13,6,7,2020,0.0,0,1,1,0,2,3
2622,125342,BLUE_ISLAND,IL,60406,35.0,0.0,0.0,0.0,1,4,228,2020.0,1,4,2,10.0,30,1,1,1,1,2,1,1,1,0,1,2,16,6,7,2020,0.0,1,1,1,1,3,4
2623,125346,CHICAGO,IL,60644,38.0,1.0,0.0,0.0,1,32,79,2002.0,6,1,1,1.0,30,1,1,1,1,2,0,1,1,0,3,2,16,6,7,2020,0.0,1,1,1,1,3,4
2624,125745,CHICAGO,IL,60620,25.0,-1.0,0.0,0.0,1,-1,2,2011.0,1,3,2,-1.0,30,0,0,1,2,5,2,1,1,0,2,2,23,6,7,2020,2.0,0,1,1,1,2,0
2625,125843,CHICAGO,IL,60619,26.0,0.0,1.0,0.0,1,2,8,2017.0,1,1,1,6.0,20,0,0,1,2,1,3,1,1,0,1,2,21,6,7,2020,0.0,0,1,1,0,3,3
2626,125855,CHICAGO,IL,60636,26.0,0.0,1.0,0.0,1,13,166,2005.0,1,4,2,9.0,25,1,1,1,1,2,0,1,1,-1,1,2,17,6,7,2020,0.0,0,1,1,0,3,3
2627,125889,CHICAGO,IL,60609,36.0,0.0,0.0,0.0,1,12,142,2003.0,1,2,3,8.0,30,1,1,1,1,3,9,2,1,0,1,2,18,6,7,2020,0.0,0,1,1,0,1,3
2628,126096,UNKNOWN,XX,0,36.9,0.0,2.0,0.0,1,2,1,2012.0,1,1,1,5.0,30,2,1,1,3,1,1,1,1,0,1,4,0,7,8,2020,2.0,0,1,1,1,3,4
2629,126097,UNKNOWN,XX,0,36.9,0.0,2.0,0.0,2,10,1,2013.0,1,1,5,2.0,30,2,1,1,3,1,1,1,1,0,1,4,0,7,8,2020,2.0,0,1,1,1,3,4
2630,126098,UNKNOWN,XX,0,36.9,0.0,2.0,0.0,2,17,229,2003.0,1,1,5,2.0,30,2,1,1,3,1,1,1,1,0,1,4,0,7,8,2020,2.0,0,1,1,1,3,4
2631,126099,CHICAGO,XX,60624,41.0,0.0,0.0,0.0,1,-1,1,2011.0,1,2,1,1.0,30,2,1,1,3,1,1,1,1,0,1,4,0,7,8,2020,2.0,1,1,1,1,3,4
2632,126100,CHICAGO,XX,60624,41.0,0.0,0.0,0.0,1,2,1,2012.0,1,1,1,5.0,30,2,1,1,3,1,1,1,1,0,1,4,0,7,8,2020,2.0,1,1,1,1,3,4
2633,126101,CHICAGO,XX,60624,41.0,0.0,0.0,0.0,2,10,1,2013.0,1,1,5,2.0,30,2,1,1,3,1,1,1,1,0,1,4,0,7,8,2020,2.0,1,1,1,1,3,4
2634,126102,CHICAGO,XX,60624,41.0,0.0,0.0,0.0,2,17,229,2003.0,1,1,5,2.0,30,2,1,1,3,1,1,1,1,0,1,4,0,7,8,2020,2.0,1,1,1,1,3,4
2635,126179,CHICAGO,IL,60620,37.0,0.0,0.0,0.0,1,4,5,2020.0,1,1,1,-1.0,30,1,1,1,1,1,1,1,1,0,1,2,12,7,8,2020,0.0,0,1,1,1,3,4
2636,126180,CHICAGO,IL,60620,37.0,0.0,0.0,0.0,1,6,41,2019.0,2,2,1,1.0,30,1,1,1,1,1,1,1,1,0,1,2,12,7,8,2020,0.0,0,1,1,1,3,4
2637,126283,CHICAGO,IL,60659,29.0,0.0,0.0,0.0,1,3,12,2011.0,1,4,1,4.0,30,1,1,1,1,7,0,1,1,0,2,2,18,7,8,2020,0.0,1,1,1,0,2,3
2638,126396,LOCKPORT,IL,60441,39.0,0.0,0.0,0.0,1,5,38,2007.0,3,1,3,7.0,45,1,1,2,2,3,0,1,2,0,1,2,22,7,8,2020,0.0,1,1,1,0,3,4
2639,126429,CHICAGO,IL,60617,41.0,0.0,0.0,0.0,1,2,8,2012.0,1,1,3,1.0,30,1,1,2,2,1,0,1,2,0,1,4,23,7,8,2020,0.0,1,1,1,1,2,3
2640,126590,CHICAGO,IL,60631,56.0,0.0,0.0,0.0,1,3,12,2013.0,1,4,1,1.0,30,2,2,2,2,1,0,1,2,0,2,2,23,7,8,2020,0.0,1,1,0,1,3,4
2641,126591,CHICAGO,IL,60631,56.0,0.0,0.0,0.0,1,2,31,2018.0,4,1,1,6.0,30,2,2,2,2,1,0,1,2,0,2,2,23,7,8,2020,0.0,1,1,0,1,3,4
2642,126610,CHICAGO,XX,60631,38.0,0.0,6.0,0.0,1,1,27,2002.0,1,3,1,1.0,25,0,0,2,2,10,4,1,2,0,1,1,0,1,8,2020,3.0,1,1,1,1,2,4
2643,126630,CHICAGO,IL,60628,28.0,0.0,8.0,0.0,1,2,19,2009.0,2,4,3,10.0,30,1,1,2,2,4,5,1,2,0,2,2,21,7,8,2020,0.0,0,1,1,0,1,3