,index,CITY,STATE,ZIPCODE,AGE,EJECTION,DRIVER_ACTION,BAC_RESULT,UNIT_TYPE,MAKE,MODEL,VEHICLE_YEAR,VEHICLE_TYPE,TRAVEL_DIRECTION,MANEUVER,FIRST_CONTACT_POINT,POSTED_SPEED_LIMIT,TRAFFIC_CONTROL_DEVICE,DEVICE_CONDITION,WEATHER_CONDITION,LIGHTING_CONDITION,FIRST_CRASH_TYPE,TRAFFICWAY_TYPE,ALIGNMENT,ROADWAY_SURFACE_COND,ROAD_DEFECT,STREET_DIRECTION,NUM_UNITS,CRASH_HOUR,CRASH_DAY_OF_WEEK,CRASH_MONTH,CRASH_YEAR,FATAL_DEGREE,SEX,INTERSECTION_RELATED,HIT_AND_RUN,REPORTYPE,DAMAGE_COST,FATAL_COND
86,3766,LOS_ANGELES,CA,90038,51.0,0.0,0.0,0.0,1,-1,1,2010.0,1,3,-1,-1.0,30,2,1,1,1,1,1,1,1,0,4,2,17,4,4,2020,1.0,1,1,1,1,3,4
87,3767,LOS_ANGELES,CA,90038,51.0,0.0,0.0,0.0,1,2,8,2016.0,1,2,1,1.0,30,2,1,1,1,1,1,1,1,0,4,2,17,4,4,2020,1.0,1,1,1,1,3,4